Head,Name,Manufacturer,Model,Mode,Universe,Address,X Pos(MagicQ),Y Pos(MagicQ),Z Pos(MagicQ),X Rot(MagicQ),Y Rot(MagicQ),Z Rot(MagicQ),X Pos(Unity),Y Pos(Unity),Z Pos(Unity),X Rot(Unity),Y Rot(Unity),Z Rot(Unity)
1,ParLight,Generic Dimmer,Generic Dimmer,1ch,0,0,0.01m,8.74m,-1.62m,-90°,180°,0°,0.01,8.743,1.617,0,0,0
2,ParLight_ver12_WithLight,Generic Dimmer,Generic Dimmer,1ch,0,1,-7.16m,8.74m,-1.62m,-179.98°,90°,0°,-7.163,8.743,1.617,270.02,270,0
54,ParLight_ver12_WithLight_1,Generic Dimmer,Generic Dimmer,1ch,0,1,-6.9m,8.74m,-1.62m,-179.98°,90°,0°,-6.896,8.743,1.617,270.02,270,0
106,ParLight_ver12_WithLight_2,Generic Dimmer,Generic Dimmer,1ch,0,1,-6.64m,8.74m,-1.62m,-179.98°,90°,0°,-6.636,8.743,1.617,270.02,270,0
158,ParLight_ver12_WithLight_3,Generic Dimmer,Generic Dimmer,1ch,1,155,-5.65m,8.74m,-1.62m,-179.98°,90°,0°,-5.65,8.743,1.617,270.02,270,0
210,ParLight_ver12_WithLight_4,Generic Dimmer,Generic Dimmer,1ch,1,156,-5.38m,8.74m,-1.62m,-179.98°,90°,0°,-5.383,8.743,1.617,270.02,270,0
262,ParLight_ver12_WithLight_5,Generic Dimmer,Generic Dimmer,1ch,1,157,-5.12m,8.74m,-1.62m,-179.98°,90°,0°,-5.123,8.743,1.617,270.02,270,0
314,ParLight_ver12_WithLight_6,Generic Dimmer,Generic Dimmer,1ch,1,158,-4.08m,8.74m,-1.62m,-179.98°,90°,0°,-4.084,8.743,1.617,270.02,270,0
366,ParLight_ver12_WithLight_7,Generic Dimmer,Generic Dimmer,1ch,1,159,-3.82m,8.74m,-1.62m,-179.98°,90°,0°,-3.817,8.743,1.617,270.02,270,0
418,ParLight_ver12_WithLight_8,Generic Dimmer,Generic Dimmer,1ch,1,160,-3.56m,8.74m,-1.62m,-179.98°,90°,0°,-3.557,8.743,1.617,270.02,270,0
470,ParLight_ver12_WithLight_9,Generic Dimmer,Generic Dimmer,1ch,1,161,-2.56m,8.74m,-1.62m,-179.98°,90°,0°,-2.56,8.743,1.617,270.02,270,0
522,ParLight_ver12_WithLight_10,Generic Dimmer,Generic Dimmer,1ch,1,162,-2.29m,8.74m,-1.62m,-179.98°,90°,0°,-2.293,8.743,1.617,270.02,270,0
574,ParLight_ver12_WithLight_11,Generic Dimmer,Generic Dimmer,1ch,1,163,-2.03m,8.74m,-1.62m,-179.98°,90°,0°,-2.033,8.743,1.617,270.02,270,0
626,ParLight_ver12_WithLight_12,Generic Dimmer,Generic Dimmer,1ch,1,164,-1.02m,8.74m,-1.62m,-179.98°,90°,0°,-1.019,8.743,1.617,270.02,270,0
678,ParLight_ver12_WithLight_13,Generic Dimmer,Generic Dimmer,1ch,1,165,-0.75m,8.74m,-1.62m,-179.98°,90°,0°,-0.752,8.743,1.617,270.02,270,0
730,ParLight_ver12_WithLight_14,Generic Dimmer,Generic Dimmer,1ch,1,166,-0.49m,8.74m,-1.62m,-179.98°,90°,0°,-0.492,8.743,1.617,270.02,270,0
782,ParLight_ver12_WithLight_15,Generic Dimmer,Generic Dimmer,1ch,1,167,0.53m,8.74m,-1.62m,-179.98°,90°,0°,0.533,8.743,1.617,270.02,270,0
834,ParLight_ver12_WithLight_16,Generic Dimmer,Generic Dimmer,1ch,1,168,0.8m,8.74m,-1.62m,-179.98°,90°,0°,0.8,8.743,1.617,270.02,270,0
886,ParLight_ver12_WithLight_17,Generic Dimmer,Generic Dimmer,1ch,1,169,1.06m,8.74m,-1.62m,-179.98°,90°,0°,1.06,8.743,1.617,270.02,270,0
938,ParLight_ver12_WithLight_18,Generic Dimmer,Generic Dimmer,1ch,1,170,2.12m,8.74m,-1.62m,-179.98°,90°,0°,2.119,8.743,1.617,270.02,270,0
990,ParLight_ver12_WithLight_19,Generic Dimmer,Generic Dimmer,1ch,1,171,2.39m,8.74m,-1.62m,-179.98°,90°,0°,2.386,8.743,1.617,270.02,270,0
1042,ParLight_ver12_WithLight_20,Generic Dimmer,Generic Dimmer,1ch,1,172,2.65m,8.74m,-1.62m,-179.98°,90°,0°,2.646,8.743,1.617,270.02,270,0
1094,ParLight_ver12_WithLight_21,Generic Dimmer,Generic Dimmer,1ch,1,173,3.56m,8.74m,-1.62m,-179.98°,90°,0°,3.56,8.743,1.617,270.02,270,0
1146,ParLight_ver12_WithLight_22,Generic Dimmer,Generic Dimmer,1ch,1,174,3.83m,8.74m,-1.62m,-179.98°,90°,0°,3.827,8.743,1.617,270.02,270,0
1198,ParLight_ver12_WithLight_23,Generic Dimmer,Generic Dimmer,1ch,1,175,4.09m,8.74m,-1.62m,-179.98°,90°,0°,4.087,8.743,1.617,270.02,270,0
1250,ParLight_ver12_WithLight_24,Generic Dimmer,Generic Dimmer,1ch,1,176,5.15m,8.74m,-1.62m,-179.98°,90°,0°,5.153,8.743,1.617,270.02,270,0
1302,ParLight_ver12_WithLight_25,Generic Dimmer,Generic Dimmer,1ch,1,177,5.42m,8.74m,-1.62m,-179.98°,90°,0°,5.42,8.743,1.617,270.02,270,0
1354,ParLight_ver12_WithLight_26,Generic Dimmer,Generic Dimmer,1ch,1,178,5.68m,8.74m,-1.62m,-179.98°,90°,0°,5.68,8.743,1.617,270.02,270,0
1406,ParLight_ver12_WithLight_27,Generic Dimmer,Generic Dimmer,1ch,0,1,6.67m,8.74m,-1.62m,-179.98°,90°,0°,6.668,8.743,1.617,270.02,270,0
1458,ParLight_ver12_WithLight_28,Generic Dimmer,Generic Dimmer,1ch,0,1,6.94m,8.74m,-1.62m,-179.98°,90°,0°,6.935,8.743,1.617,270.02,270,0
1510,ParLight_ver12_WithLight_29,Generic Dimmer,Generic Dimmer,1ch,0,1,7.2m,8.74m,-1.62m,-179.98°,90°,0°,7.195,8.743,1.617,270.02,270,0
5,ParLight,Generic Dimmer,Generic Dimmer,1ch,0,0,-7.16m,8.74m,-1.62m,-179.98°,90°,0°,-7.163,8.743,1.617,270.02,270,0
6,ParLight,Generic Dimmer,Generic Dimmer,1ch,0,0,-7.16m,8.74m,-1.62m,-179.98°,90°,0°,-7.163,8.743,1.617,270.02,270,0
7,ParLight,Generic Dimmer,Generic Dimmer,1ch,0,0,-7.16m,8.74m,-1.62m,-179.98°,90°,0°,-7.163,8.743,1.617,270.02,270,0
8,ParLight,Generic Dimmer,Generic Dimmer,1ch,0,0,-7.16m,8.74m,-1.62m,-179.98°,90°,0°,-7.163,8.743,1.617,270.02,270,0
9,ParLight,Generic Dimmer,Generic Dimmer,1ch,0,0,-7.16m,8.74m,-1.62m,-179.98°,90°,0°,-7.163,8.743,1.617,270.02,270,0
10,ParLight,Generic Dimmer,Generic Dimmer,1ch,0,0,-7.16m,8.74m,-1.62m,-179.98°,90°,0°,-7.163,8.743,1.617,270.02,270,0
11,ParLight,Generic Dimmer,Generic Dimmer,1ch,0,0,-7.16m,8.74m,-1.62m,-179.98°,90°,0°,-7.163,8.743,1.617,270.02,270,0
12,ParLight,Generic Dimmer,Generic Dimmer,1ch,0,0,-7.16m,8.74m,-1.62m,-179.98°,90°,0°,-7.163,8.743,1.617,270.02,270,0
13,ParLight,Generic Dimmer,Generic Dimmer,1ch,0,0,-7.16m,8.74m,-1.62m,-179.98°,90°,0°,-7.163,8.743,1.617,270.02,270,0
65,ParLight,Generic Dimmer,Generic Dimmer,1ch,0,0,-6.9m,8.74m,-1.62m,-179.98°,90°,0°,-6.896,8.743,1.617,270.02,270,0
117,ParLight,Generic Dimmer,Generic Dimmer,1ch,0,0,-6.64m,8.74m,-1.62m,-179.98°,90°,0°,-6.636,8.743,1.617,270.02,270,0
169,ParLight,Generic Dimmer,Generic Dimmer,1ch,0,0,-5.65m,8.74m,-1.62m,-179.98°,90°,0°,-5.65,8.743,1.617,270.02,270,0
221,ParLight,Generic Dimmer,Generic Dimmer,1ch,0,0,-5.38m,8.74m,-1.62m,-179.98°,90°,0°,-5.383,8.743,1.617,270.02,270,0
273,ParLight,Generic Dimmer,Generic Dimmer,1ch,0,0,-5.12m,8.74m,-1.62m,-179.98°,90°,0°,-5.123,8.743,1.617,270.02,270,0
325,ParLight,Generic Dimmer,Generic Dimmer,1ch,0,0,-4.08m,8.74m,-1.62m,-179.98°,90°,0°,-4.084,8.743,1.617,270.02,270,0
377,ParLight,Generic Dimmer,Generic Dimmer,1ch,0,0,-3.82m,8.74m,-1.62m,-179.98°,90°,0°,-3.817,8.743,1.617,270.02,270,0
429,ParLight,Generic Dimmer,Generic Dimmer,1ch,0,0,-3.56m,8.74m,-1.62m,-179.98°,90°,0°,-3.557,8.743,1.617,270.02,270,0
481,ParLight,Generic Dimmer,Generic Dimmer,1ch,0,0,-2.56m,8.74m,-1.62m,-179.98°,90°,0°,-2.56,8.743,1.617,270.02,270,0
533,ParLight,Generic Dimmer,Generic Dimmer,1ch,0,0,-2.29m,8.74m,-1.62m,-179.98°,90°,0°,-2.293,8.743,1.617,270.02,270,0
585,ParLight,Generic Dimmer,Generic Dimmer,1ch,0,0,-2.03m,8.74m,-1.62m,-179.98°,90°,0°,-2.033,8.743,1.617,270.02,270,0
637,ParLight,Generic Dimmer,Generic Dimmer,1ch,0,0,-1.02m,8.74m,-1.62m,-179.98°,90°,0°,-1.019,8.743,1.617,270.02,270,0
689,ParLight,Generic Dimmer,Generic Dimmer,1ch,0,0,-0.75m,8.74m,-1.62m,-179.98°,90°,0°,-0.752,8.743,1.617,270.02,270,0
741,ParLight,Generic Dimmer,Generic Dimmer,1ch,0,0,-0.49m,8.74m,-1.62m,-179.98°,90°,0°,-0.492,8.743,1.617,270.02,270,0
793,ParLight,Generic Dimmer,Generic Dimmer,1ch,0,0,0.53m,8.74m,-1.62m,-179.98°,90°,0°,0.533,8.743,1.617,270.02,270,0
845,ParLight,Generic Dimmer,Generic Dimmer,1ch,0,0,0.8m,8.74m,-1.62m,-179.98°,90°,0°,0.8,8.743,1.617,270.02,270,0
897,ParLight,Generic Dimmer,Generic Dimmer,1ch,0,0,1.06m,8.74m,-1.62m,-179.98°,90°,0°,1.06,8.743,1.617,270.02,270,0
949,ParLight,Generic Dimmer,Generic Dimmer,1ch,0,0,2.12m,8.74m,-1.62m,-179.98°,90°,0°,2.119,8.743,1.617,270.02,270,0
1001,ParLight,Generic Dimmer,Generic Dimmer,1ch,0,0,2.39m,8.74m,-1.62m,-179.98°,90°,0°,2.386,8.743,1.617,270.02,270,0
1053,ParLight,Generic Dimmer,Generic Dimmer,1ch,0,0,2.65m,8.74m,-1.62m,-179.98°,90°,0°,2.646,8.743,1.617,270.02,270,0
1105,ParLight,Generic Dimmer,Generic Dimmer,1ch,0,0,3.56m,8.74m,-1.62m,-179.98°,90°,0°,3.56,8.743,1.617,270.02,270,0
1157,ParLight,Generic Dimmer,Generic Dimmer,1ch,0,0,3.83m,8.74m,-1.62m,-179.98°,90°,0°,3.827,8.743,1.617,270.02,270,0
1209,ParLight,Generic Dimmer,Generic Dimmer,1ch,0,0,4.09m,8.74m,-1.62m,-179.98°,90°,0°,4.087,8.743,1.617,270.02,270,0
1261,ParLight,Generic Dimmer,Generic Dimmer,1ch,0,0,5.15m,8.74m,-1.62m,-179.98°,90°,0°,5.153,8.743,1.617,270.02,270,0
1313,ParLight,Generic Dimmer,Generic Dimmer,1ch,0,0,5.42m,8.74m,-1.62m,-179.98°,90°,0°,5.42,8.743,1.617,270.02,270,0
1365,ParLight,Generic Dimmer,Generic Dimmer,1ch,0,0,5.68m,8.74m,-1.62m,-179.98°,90°,0°,5.68,8.743,1.617,270.02,270,0
1417,ParLight,Generic Dimmer,Generic Dimmer,1ch,0,0,6.67m,8.74m,-1.62m,-179.98°,90°,0°,6.668,8.743,1.617,270.02,270,0
1469,ParLight,Generic Dimmer,Generic Dimmer,1ch,0,0,6.94m,8.74m,-1.62m,-179.98°,90°,0°,6.935,8.743,1.617,270.02,270,0
1521,ParLight,Generic Dimmer,Generic Dimmer,1ch,0,0,7.2m,8.74m,-1.62m,-179.98°,90°,0°,7.195,8.743,1.617,270.02,270,0
14,ParLight,Generic Dimmer,Generic Dimmer,1ch,0,0,-7.16m,8.74m,-1.62m,-179.98°,90°,0°,-7.163,8.743,1.617,270.02,270,0
66,ParLight,Generic Dimmer,Generic Dimmer,1ch,0,0,-6.9m,8.74m,-1.62m,-179.98°,90°,0°,-6.896,8.743,1.617,270.02,270,0
118,ParLight,Generic Dimmer,Generic Dimmer,1ch,0,0,-6.64m,8.74m,-1.62m,-179.98°,90°,0°,-6.636,8.743,1.617,270.02,270,0
170,ParLight,Generic Dimmer,Generic Dimmer,1ch,0,0,-5.65m,8.74m,-1.62m,-179.98°,90°,0°,-5.65,8.743,1.617,270.02,270,0
222,ParLight,Generic Dimmer,Generic Dimmer,1ch,0,0,-5.38m,8.74m,-1.62m,-179.98°,90°,0°,-5.383,8.743,1.617,270.02,270,0
274,ParLight,Generic Dimmer,Generic Dimmer,1ch,0,0,-5.12m,8.74m,-1.62m,-179.98°,90°,0°,-5.123,8.743,1.617,270.02,270,0
326,ParLight,Generic Dimmer,Generic Dimmer,1ch,0,0,-4.08m,8.74m,-1.62m,-179.98°,90°,0°,-4.084,8.743,1.617,270.02,270,0
378,ParLight,Generic Dimmer,Generic Dimmer,1ch,0,0,-3.82m,8.74m,-1.62m,-179.98°,90°,0°,-3.817,8.743,1.617,270.02,270,0
430,ParLight,Generic Dimmer,Generic Dimmer,1ch,0,0,-3.56m,8.74m,-1.62m,-179.98°,90°,0°,-3.557,8.743,1.617,270.02,270,0
482,ParLight,Generic Dimmer,Generic Dimmer,1ch,0,0,-2.56m,8.74m,-1.62m,-179.98°,90°,0°,-2.56,8.743,1.617,270.02,270,0
534,ParLight,Generic Dimmer,Generic Dimmer,1ch,0,0,-2.29m,8.74m,-1.62m,-179.98°,90°,0°,-2.293,8.743,1.617,270.02,270,0
586,ParLight,Generic Dimmer,Generic Dimmer,1ch,0,0,-2.03m,8.74m,-1.62m,-179.98°,90°,0°,-2.033,8.743,1.617,270.02,270,0
638,ParLight,Generic Dimmer,Generic Dimmer,1ch,0,0,-1.02m,8.74m,-1.62m,-179.98°,90°,0°,-1.019,8.743,1.617,270.02,270,0
690,ParLight,Generic Dimmer,Generic Dimmer,1ch,0,0,-0.75m,8.74m,-1.62m,-179.98°,90°,0°,-0.752,8.743,1.617,270.02,270,0
742,ParLight,Generic Dimmer,Generic Dimmer,1ch,0,0,-0.49m,8.74m,-1.62m,-179.98°,90°,0°,-0.492,8.743,1.617,270.02,270,0
794,ParLight,Generic Dimmer,Generic Dimmer,1ch,0,0,0.53m,8.74m,-1.62m,-179.98°,90°,0°,0.533,8.743,1.617,270.02,270,0
846,ParLight,Generic Dimmer,Generic Dimmer,1ch,0,0,0.8m,8.74m,-1.62m,-179.98°,90°,0°,0.8,8.743,1.617,270.02,270,0
898,ParLight,Generic Dimmer,Generic Dimmer,1ch,0,0,1.06m,8.74m,-1.62m,-179.98°,90°,0°,1.06,8.743,1.617,270.02,270,0
950,ParLight,Generic Dimmer,Generic Dimmer,1ch,0,0,2.12m,8.74m,-1.62m,-179.98°,90°,0°,2.119,8.743,1.617,270.02,270,0
1002,ParLight,Generic Dimmer,Generic Dimmer,1ch,0,0,2.39m,8.74m,-1.62m,-179.98°,90°,0°,2.386,8.743,1.617,270.02,270,0
1054,ParLight,Generic Dimmer,Generic Dimmer,1ch,0,0,2.65m,8.74m,-1.62m,-179.98°,90°,0°,2.646,8.743,1.617,270.02,270,0
1106,ParLight,Generic Dimmer,Generic Dimmer,1ch,0,0,3.56m,8.74m,-1.62m,-179.98°,90°,0°,3.56,8.743,1.617,270.02,270,0
1158,ParLight,Generic Dimmer,Generic Dimmer,1ch,0,0,3.83m,8.74m,-1.62m,-179.98°,90°,0°,3.827,8.743,1.617,270.02,270,0
1210,ParLight,Generic Dimmer,Generic Dimmer,1ch,0,0,4.09m,8.74m,-1.62m,-179.98°,90°,0°,4.087,8.743,1.617,270.02,270,0
1262,ParLight,Generic Dimmer,Generic Dimmer,1ch,0,0,5.15m,8.74m,-1.62m,-179.98°,90°,0°,5.153,8.743,1.617,270.02,270,0
1314,ParLight,Generic Dimmer,Generic Dimmer,1ch,0,0,5.42m,8.74m,-1.62m,-179.98°,90°,0°,5.42,8.743,1.617,270.02,270,0
1366,ParLight,Generic Dimmer,Generic Dimmer,1ch,0,0,5.68m,8.74m,-1.62m,-179.98°,90°,0°,5.68,8.743,1.617,270.02,270,0
1418,ParLight,Generic Dimmer,Generic Dimmer,1ch,0,0,6.67m,8.74m,-1.62m,-179.98°,90°,0°,6.668,8.743,1.617,270.02,270,0
1470,ParLight,Generic Dimmer,Generic Dimmer,1ch,0,0,6.94m,8.74m,-1.62m,-179.98°,90°,0°,6.935,8.743,1.617,270.02,270,0
1522,ParLight,Generic Dimmer,Generic Dimmer,1ch,0,0,7.2m,8.74m,-1.62m,-179.98°,90°,0°,7.195,8.743,1.617,270.02,270,0
15,ParLight,Generic Dimmer,Generic Dimmer,1ch,0,0,-7.16m,8.74m,-1.62m,-179.98°,90°,0°,-7.163,8.743,1.617,270.02,270,0
67,ParLight,Generic Dimmer,Generic Dimmer,1ch,0,0,-6.9m,8.74m,-1.62m,-179.98°,90°,0°,-6.896,8.743,1.617,270.02,270,0
119,ParLight,Generic Dimmer,Generic Dimmer,1ch,0,0,-6.64m,8.74m,-1.62m,-179.98°,90°,0°,-6.636,8.743,1.617,270.02,270,0
171,ParLight,Generic Dimmer,Generic Dimmer,1ch,0,0,-5.65m,8.74m,-1.62m,-179.98°,90°,0°,-5.65,8.743,1.617,270.02,270,0
223,ParLight,Generic Dimmer,Generic Dimmer,1ch,0,0,-5.38m,8.74m,-1.62m,-179.98°,90°,0°,-5.383,8.743,1.617,270.02,270,0
275,ParLight,Generic Dimmer,Generic Dimmer,1ch,0,0,-5.12m,8.74m,-1.62m,-179.98°,90°,0°,-5.123,8.743,1.617,270.02,270,0
327,ParLight,Generic Dimmer,Generic Dimmer,1ch,0,0,-4.08m,8.74m,-1.62m,-179.98°,90°,0°,-4.084,8.743,1.617,270.02,270,0
379,ParLight,Generic Dimmer,Generic Dimmer,1ch,0,0,-3.82m,8.74m,-1.62m,-179.98°,90°,0°,-3.817,8.743,1.617,270.02,270,0
431,ParLight,Generic Dimmer,Generic Dimmer,1ch,0,0,-3.56m,8.74m,-1.62m,-179.98°,90°,0°,-3.557,8.743,1.617,270.02,270,0
483,ParLight,Generic Dimmer,Generic Dimmer,1ch,0,0,-2.56m,8.74m,-1.62m,-179.98°,90°,0°,-2.56,8.743,1.617,270.02,270,0
535,ParLight,Generic Dimmer,Generic Dimmer,1ch,0,0,-2.29m,8.74m,-1.62m,-179.98°,90°,0°,-2.293,8.743,1.617,270.02,270,0
587,ParLight,Generic Dimmer,Generic Dimmer,1ch,0,0,-2.03m,8.74m,-1.62m,-179.98°,90°,0°,-2.033,8.743,1.617,270.02,270,0
639,ParLight,Generic Dimmer,Generic Dimmer,1ch,0,0,-1.02m,8.74m,-1.62m,-179.98°,90°,0°,-1.019,8.743,1.617,270.02,270,0
691,ParLight,Generic Dimmer,Generic Dimmer,1ch,0,0,-0.75m,8.74m,-1.62m,-179.98°,90°,0°,-0.752,8.743,1.617,270.02,270,0
743,ParLight,Generic Dimmer,Generic Dimmer,1ch,0,0,-0.49m,8.74m,-1.62m,-179.98°,90°,0°,-0.492,8.743,1.617,270.02,270,0
795,ParLight,Generic Dimmer,Generic Dimmer,1ch,0,0,0.53m,8.74m,-1.62m,-179.98°,90°,0°,0.533,8.743,1.617,270.02,270,0
847,ParLight,Generic Dimmer,Generic Dimmer,1ch,0,0,0.8m,8.74m,-1.62m,-179.98°,90°,0°,0.8,8.743,1.617,270.02,270,0
899,ParLight,Generic Dimmer,Generic Dimmer,1ch,0,0,1.06m,8.74m,-1.62m,-179.98°,90°,0°,1.06,8.743,1.617,270.02,270,0
951,ParLight,Generic Dimmer,Generic Dimmer,1ch,0,0,2.12m,8.74m,-1.62m,-179.98°,90°,0°,2.119,8.743,1.617,270.02,270,0
1003,ParLight,Generic Dimmer,Generic Dimmer,1ch,0,0,2.39m,8.74m,-1.62m,-179.98°,90°,0°,2.386,8.743,1.617,270.02,270,0
1055,ParLight,Generic Dimmer,Generic Dimmer,1ch,0,0,2.65m,8.74m,-1.62m,-179.98°,90°,0°,2.646,8.743,1.617,270.02,270,0
1107,ParLight,Generic Dimmer,Generic Dimmer,1ch,0,0,3.56m,8.74m,-1.62m,-179.98°,90°,0°,3.56,8.743,1.617,270.02,270,0
1159,ParLight,Generic Dimmer,Generic Dimmer,1ch,0,0,3.83m,8.74m,-1.62m,-179.98°,90°,0°,3.827,8.743,1.617,270.02,270,0
1211,ParLight,Generic Dimmer,Generic Dimmer,1ch,0,0,4.09m,8.74m,-1.62m,-179.98°,90°,0°,4.087,8.743,1.617,270.02,270,0
1263,ParLight,Generic Dimmer,Generic Dimmer,1ch,0,0,5.15m,8.74m,-1.62m,-179.98°,90°,0°,5.153,8.743,1.617,270.02,270,0
1315,ParLight,Generic Dimmer,Generic Dimmer,1ch,0,0,5.42m,8.74m,-1.62m,-179.98°,90°,0°,5.42,8.743,1.617,270.02,270,0
1367,ParLight,Generic Dimmer,Generic Dimmer,1ch,0,0,5.68m,8.74m,-1.62m,-179.98°,90°,0°,5.68,8.743,1.617,270.02,270,0
1419,ParLight,Generic Dimmer,Generic Dimmer,1ch,0,0,6.67m,8.74m,-1.62m,-179.98°,90°,0°,6.668,8.743,1.617,270.02,270,0
1471,ParLight,Generic Dimmer,Generic Dimmer,1ch,0,0,6.94m,8.74m,-1.62m,-179.98°,90°,0°,6.935,8.743,1.617,270.02,270,0
1523,ParLight,Generic Dimmer,Generic Dimmer,1ch,0,0,7.2m,8.74m,-1.62m,-179.98°,90°,0°,7.195,8.743,1.617,270.02,270,0
33,ParLight,Generic Dimmer,Generic Dimmer,1ch,0,0,-7.16m,8.74m,-1.62m,-179.98°,90°,0°,-7.163,8.743,1.617,270.02,270,0
85,ParLight,Generic Dimmer,Generic Dimmer,1ch,0,0,-6.9m,8.74m,-1.62m,-179.98°,90°,0°,-6.896,8.743,1.617,270.02,270,0
137,ParLight,Generic Dimmer,Generic Dimmer,1ch,0,0,-6.64m,8.74m,-1.62m,-179.98°,90°,0°,-6.636,8.743,1.617,270.02,270,0
189,ParLight,Generic Dimmer,Generic Dimmer,1ch,0,0,-5.65m,8.74m,-1.62m,-179.98°,90°,0°,-5.65,8.743,1.617,270.02,270,0
241,ParLight,Generic Dimmer,Generic Dimmer,1ch,0,0,-5.38m,8.74m,-1.62m,-179.98°,90°,0°,-5.383,8.743,1.617,270.02,270,0
293,ParLight,Generic Dimmer,Generic Dimmer,1ch,0,0,-5.12m,8.74m,-1.62m,-179.98°,90°,0°,-5.123,8.743,1.617,270.02,270,0
345,ParLight,Generic Dimmer,Generic Dimmer,1ch,0,0,-4.08m,8.74m,-1.62m,-179.98°,90°,0°,-4.084,8.743,1.617,270.02,270,0
397,ParLight,Generic Dimmer,Generic Dimmer,1ch,0,0,-3.82m,8.74m,-1.62m,-179.98°,90°,0°,-3.817,8.743,1.617,270.02,270,0
449,ParLight,Generic Dimmer,Generic Dimmer,1ch,0,0,-3.56m,8.74m,-1.62m,-179.98°,90°,0°,-3.557,8.743,1.617,270.02,270,0
501,ParLight,Generic Dimmer,Generic Dimmer,1ch,0,0,-2.56m,8.74m,-1.62m,-179.98°,90°,0°,-2.56,8.743,1.617,270.02,270,0
553,ParLight,Generic Dimmer,Generic Dimmer,1ch,0,0,-2.29m,8.74m,-1.62m,-179.98°,90°,0°,-2.293,8.743,1.617,270.02,270,0
605,ParLight,Generic Dimmer,Generic Dimmer,1ch,0,0,-2.03m,8.74m,-1.62m,-179.98°,90°,0°,-2.033,8.743,1.617,270.02,270,0
657,ParLight,Generic Dimmer,Generic Dimmer,1ch,0,0,-1.02m,8.74m,-1.62m,-179.98°,90°,0°,-1.019,8.743,1.617,270.02,270,0
709,ParLight,Generic Dimmer,Generic Dimmer,1ch,0,0,-0.75m,8.74m,-1.62m,-179.98°,90°,0°,-0.752,8.743,1.617,270.02,270,0
761,ParLight,Generic Dimmer,Generic Dimmer,1ch,0,0,-0.49m,8.74m,-1.62m,-179.98°,90°,0°,-0.492,8.743,1.617,270.02,270,0
813,ParLight,Generic Dimmer,Generic Dimmer,1ch,0,0,0.53m,8.74m,-1.62m,-179.98°,90°,0°,0.533,8.743,1.617,270.02,270,0
865,ParLight,Generic Dimmer,Generic Dimmer,1ch,0,0,0.8m,8.74m,-1.62m,-179.98°,90°,0°,0.8,8.743,1.617,270.02,270,0
917,ParLight,Generic Dimmer,Generic Dimmer,1ch,0,0,1.06m,8.74m,-1.62m,-179.98°,90°,0°,1.06,8.743,1.617,270.02,270,0
969,ParLight,Generic Dimmer,Generic Dimmer,1ch,0,0,2.12m,8.74m,-1.62m,-179.98°,90°,0°,2.119,8.743,1.617,270.02,270,0
1021,ParLight,Generic Dimmer,Generic Dimmer,1ch,0,0,2.39m,8.74m,-1.62m,-179.98°,90°,0°,2.386,8.743,1.617,270.02,270,0
1073,ParLight,Generic Dimmer,Generic Dimmer,1ch,0,0,2.65m,8.74m,-1.62m,-179.98°,90°,0°,2.646,8.743,1.617,270.02,270,0
1125,ParLight,Generic Dimmer,Generic Dimmer,1ch,0,0,3.56m,8.74m,-1.62m,-179.98°,90°,0°,3.56,8.743,1.617,270.02,270,0
1177,ParLight,Generic Dimmer,Generic Dimmer,1ch,0,0,3.83m,8.74m,-1.62m,-179.98°,90°,0°,3.827,8.743,1.617,270.02,270,0
1229,ParLight,Generic Dimmer,Generic Dimmer,1ch,0,0,4.09m,8.74m,-1.62m,-179.98°,90°,0°,4.087,8.743,1.617,270.02,270,0
1281,ParLight,Generic Dimmer,Generic Dimmer,1ch,0,0,5.15m,8.74m,-1.62m,-179.98°,90°,0°,5.153,8.743,1.617,270.02,270,0
1333,ParLight,Generic Dimmer,Generic Dimmer,1ch,0,0,5.42m,8.74m,-1.62m,-179.98°,90°,0°,5.42,8.743,1.617,270.02,270,0
1385,ParLight,Generic Dimmer,Generic Dimmer,1ch,0,0,5.68m,8.74m,-1.62m,-179.98°,90°,0°,5.68,8.743,1.617,270.02,270,0
1437,ParLight,Generic Dimmer,Generic Dimmer,1ch,0,0,6.67m,8.74m,-1.62m,-179.98°,90°,0°,6.668,8.743,1.617,270.02,270,0
1489,ParLight,Generic Dimmer,Generic Dimmer,1ch,0,0,6.94m,8.74m,-1.62m,-179.98°,90°,0°,6.935,8.743,1.617,270.02,270,0
1541,ParLight,Generic Dimmer,Generic Dimmer,1ch,0,0,7.2m,8.74m,-1.62m,-179.98°,90°,0°,7.195,8.743,1.617,270.02,270,0
34,ParLight,Generic Dimmer,Generic Dimmer,1ch,0,0,-7.16m,8.74m,-1.62m,-179.98°,90°,0°,-7.163,8.743,1.617,270.02,270,0
86,ParLight,Generic Dimmer,Generic Dimmer,1ch,0,0,-6.9m,8.74m,-1.62m,-179.98°,90°,0°,-6.896,8.743,1.617,270.02,270,0
138,ParLight,Generic Dimmer,Generic Dimmer,1ch,0,0,-6.64m,8.74m,-1.62m,-179.98°,90°,0°,-6.636,8.743,1.617,270.02,270,0
190,ParLight,Generic Dimmer,Generic Dimmer,1ch,0,0,-5.65m,8.74m,-1.62m,-179.98°,90°,0°,-5.65,8.743,1.617,270.02,270,0
242,ParLight,Generic Dimmer,Generic Dimmer,1ch,0,0,-5.38m,8.74m,-1.62m,-179.98°,90°,0°,-5.383,8.743,1.617,270.02,270,0
294,ParLight,Generic Dimmer,Generic Dimmer,1ch,0,0,-5.12m,8.74m,-1.62m,-179.98°,90°,0°,-5.123,8.743,1.617,270.02,270,0
346,ParLight,Generic Dimmer,Generic Dimmer,1ch,0,0,-4.08m,8.74m,-1.62m,-179.98°,90°,0°,-4.084,8.743,1.617,270.02,270,0
398,ParLight,Generic Dimmer,Generic Dimmer,1ch,0,0,-3.82m,8.74m,-1.62m,-179.98°,90°,0°,-3.817,8.743,1.617,270.02,270,0
450,ParLight,Generic Dimmer,Generic Dimmer,1ch,0,0,-3.56m,8.74m,-1.62m,-179.98°,90°,0°,-3.557,8.743,1.617,270.02,270,0
502,ParLight,Generic Dimmer,Generic Dimmer,1ch,0,0,-2.56m,8.74m,-1.62m,-179.98°,90°,0°,-2.56,8.743,1.617,270.02,270,0
554,ParLight,Generic Dimmer,Generic Dimmer,1ch,0,0,-2.29m,8.74m,-1.62m,-179.98°,90°,0°,-2.293,8.743,1.617,270.02,270,0
606,ParLight,Generic Dimmer,Generic Dimmer,1ch,0,0,-2.03m,8.74m,-1.62m,-179.98°,90°,0°,-2.033,8.743,1.617,270.02,270,0
658,ParLight,Generic Dimmer,Generic Dimmer,1ch,0,0,-1.02m,8.74m,-1.62m,-179.98°,90°,0°,-1.019,8.743,1.617,270.02,270,0
710,ParLight,Generic Dimmer,Generic Dimmer,1ch,0,0,-0.75m,8.74m,-1.62m,-179.98°,90°,0°,-0.752,8.743,1.617,270.02,270,0
762,ParLight,Generic Dimmer,Generic Dimmer,1ch,0,0,-0.49m,8.74m,-1.62m,-179.98°,90°,0°,-0.492,8.743,1.617,270.02,270,0
814,ParLight,Generic Dimmer,Generic Dimmer,1ch,0,0,0.53m,8.74m,-1.62m,-179.98°,90°,0°,0.533,8.743,1.617,270.02,270,0
866,ParLight,Generic Dimmer,Generic Dimmer,1ch,0,0,0.8m,8.74m,-1.62m,-179.98°,90°,0°,0.8,8.743,1.617,270.02,270,0
918,ParLight,Generic Dimmer,Generic Dimmer,1ch,0,0,1.06m,8.74m,-1.62m,-179.98°,90°,0°,1.06,8.743,1.617,270.02,270,0
970,ParLight,Generic Dimmer,Generic Dimmer,1ch,0,0,2.12m,8.74m,-1.62m,-179.98°,90°,0°,2.119,8.743,1.617,270.02,270,0
1022,ParLight,Generic Dimmer,Generic Dimmer,1ch,0,0,2.39m,8.74m,-1.62m,-179.98°,90°,0°,2.386,8.743,1.617,270.02,270,0
1074,ParLight,Generic Dimmer,Generic Dimmer,1ch,0,0,2.65m,8.74m,-1.62m,-179.98°,90°,0°,2.646,8.743,1.617,270.02,270,0
1126,ParLight,Generic Dimmer,Generic Dimmer,1ch,0,0,3.56m,8.74m,-1.62m,-179.98°,90°,0°,3.56,8.743,1.617,270.02,270,0
1178,ParLight,Generic Dimmer,Generic Dimmer,1ch,0,0,3.83m,8.74m,-1.62m,-179.98°,90°,0°,3.827,8.743,1.617,270.02,270,0
1230,ParLight,Generic Dimmer,Generic Dimmer,1ch,0,0,4.09m,8.74m,-1.62m,-179.98°,90°,0°,4.087,8.743,1.617,270.02,270,0
1282,ParLight,Generic Dimmer,Generic Dimmer,1ch,0,0,5.15m,8.74m,-1.62m,-179.98°,90°,0°,5.153,8.743,1.617,270.02,270,0
1334,ParLight,Generic Dimmer,Generic Dimmer,1ch,0,0,5.42m,8.74m,-1.62m,-179.98°,90°,0°,5.42,8.743,1.617,270.02,270,0
1386,ParLight,Generic Dimmer,Generic Dimmer,1ch,0,0,5.68m,8.74m,-1.62m,-179.98°,90°,0°,5.68,8.743,1.617,270.02,270,0
1438,ParLight,Generic Dimmer,Generic Dimmer,1ch,0,0,6.67m,8.74m,-1.62m,-179.98°,90°,0°,6.668,8.743,1.617,270.02,270,0
1490,ParLight,Generic Dimmer,Generic Dimmer,1ch,0,0,6.94m,8.74m,-1.62m,-179.98°,90°,0°,6.935,8.743,1.617,270.02,270,0
1542,ParLight,Generic Dimmer,Generic Dimmer,1ch,0,0,7.2m,8.74m,-1.62m,-179.98°,90°,0°,7.195,8.743,1.617,270.02,270,0
35,ParLight,Generic Dimmer,Generic Dimmer,1ch,0,0,-7.16m,8.74m,-1.62m,-179.98°,90°,0°,-7.163,8.743,1.617,270.02,270,0
87,ParLight,Generic Dimmer,Generic Dimmer,1ch,0,0,-6.9m,8.74m,-1.62m,-179.98°,90°,0°,-6.896,8.743,1.617,270.02,270,0
139,ParLight,Generic Dimmer,Generic Dimmer,1ch,0,0,-6.64m,8.74m,-1.62m,-179.98°,90°,0°,-6.636,8.743,1.617,270.02,270,0
191,ParLight,Generic Dimmer,Generic Dimmer,1ch,0,0,-5.65m,8.74m,-1.62m,-179.98°,90°,0°,-5.65,8.743,1.617,270.02,270,0
243,ParLight,Generic Dimmer,Generic Dimmer,1ch,0,0,-5.38m,8.74m,-1.62m,-179.98°,90°,0°,-5.383,8.743,1.617,270.02,270,0
295,ParLight,Generic Dimmer,Generic Dimmer,1ch,0,0,-5.12m,8.74m,-1.62m,-179.98°,90°,0°,-5.123,8.743,1.617,270.02,270,0
347,ParLight,Generic Dimmer,Generic Dimmer,1ch,0,0,-4.08m,8.74m,-1.62m,-179.98°,90°,0°,-4.084,8.743,1.617,270.02,270,0
399,ParLight,Generic Dimmer,Generic Dimmer,1ch,0,0,-3.82m,8.74m,-1.62m,-179.98°,90°,0°,-3.817,8.743,1.617,270.02,270,0
451,ParLight,Generic Dimmer,Generic Dimmer,1ch,0,0,-3.56m,8.74m,-1.62m,-179.98°,90°,0°,-3.557,8.743,1.617,270.02,270,0
503,ParLight,Generic Dimmer,Generic Dimmer,1ch,0,0,-2.56m,8.74m,-1.62m,-179.98°,90°,0°,-2.56,8.743,1.617,270.02,270,0
555,ParLight,Generic Dimmer,Generic Dimmer,1ch,0,0,-2.29m,8.74m,-1.62m,-179.98°,90°,0°,-2.293,8.743,1.617,270.02,270,0
607,ParLight,Generic Dimmer,Generic Dimmer,1ch,0,0,-2.03m,8.74m,-1.62m,-179.98°,90°,0°,-2.033,8.743,1.617,270.02,270,0
659,ParLight,Generic Dimmer,Generic Dimmer,1ch,0,0,-1.02m,8.74m,-1.62m,-179.98°,90°,0°,-1.019,8.743,1.617,270.02,270,0
711,ParLight,Generic Dimmer,Generic Dimmer,1ch,0,0,-0.75m,8.74m,-1.62m,-179.98°,90°,0°,-0.752,8.743,1.617,270.02,270,0
763,ParLight,Generic Dimmer,Generic Dimmer,1ch,0,0,-0.49m,8.74m,-1.62m,-179.98°,90°,0°,-0.492,8.743,1.617,270.02,270,0
815,ParLight,Generic Dimmer,Generic Dimmer,1ch,0,0,0.53m,8.74m,-1.62m,-179.98°,90°,0°,0.533,8.743,1.617,270.02,270,0
867,ParLight,Generic Dimmer,Generic Dimmer,1ch,0,0,0.8m,8.74m,-1.62m,-179.98°,90°,0°,0.8,8.743,1.617,270.02,270,0
919,ParLight,Generic Dimmer,Generic Dimmer,1ch,0,0,1.06m,8.74m,-1.62m,-179.98°,90°,0°,1.06,8.743,1.617,270.02,270,0
971,ParLight,Generic Dimmer,Generic Dimmer,1ch,0,0,2.12m,8.74m,-1.62m,-179.98°,90°,0°,2.119,8.743,1.617,270.02,270,0
1023,ParLight,Generic Dimmer,Generic Dimmer,1ch,0,0,2.39m,8.74m,-1.62m,-179.98°,90°,0°,2.386,8.743,1.617,270.02,270,0
1075,ParLight,Generic Dimmer,Generic Dimmer,1ch,0,0,2.65m,8.74m,-1.62m,-179.98°,90°,0°,2.646,8.743,1.617,270.02,270,0
1127,ParLight,Generic Dimmer,Generic Dimmer,1ch,0,0,3.56m,8.74m,-1.62m,-179.98°,90°,0°,3.56,8.743,1.617,270.02,270,0
1179,ParLight,Generic Dimmer,Generic Dimmer,1ch,0,0,3.83m,8.74m,-1.62m,-179.98°,90°,0°,3.827,8.743,1.617,270.02,270,0
1231,ParLight,Generic Dimmer,Generic Dimmer,1ch,0,0,4.09m,8.74m,-1.62m,-179.98°,90°,0°,4.087,8.743,1.617,270.02,270,0
1283,ParLight,Generic Dimmer,Generic Dimmer,1ch,0,0,5.15m,8.74m,-1.62m,-179.98°,90°,0°,5.153,8.743,1.617,270.02,270,0
1335,ParLight,Generic Dimmer,Generic Dimmer,1ch,0,0,5.42m,8.74m,-1.62m,-179.98°,90°,0°,5.42,8.743,1.617,270.02,270,0
1387,ParLight,Generic Dimmer,Generic Dimmer,1ch,0,0,5.68m,8.74m,-1.62m,-179.98°,90°,0°,5.68,8.743,1.617,270.02,270,0
1439,ParLight,Generic Dimmer,Generic Dimmer,1ch,0,0,6.67m,8.74m,-1.62m,-179.98°,90°,0°,6.668,8.743,1.617,270.02,270,0
1491,ParLight,Generic Dimmer,Generic Dimmer,1ch,0,0,6.94m,8.74m,-1.62m,-179.98°,90°,0°,6.935,8.743,1.617,270.02,270,0
1543,ParLight,Generic Dimmer,Generic Dimmer,1ch,0,0,7.2m,8.74m,-1.62m,-179.98°,90°,0°,7.195,8.743,1.617,270.02,270,0
36,ParLight,Generic Dimmer,Generic Dimmer,1ch,0,0,-7.16m,8.74m,-1.62m,-179.98°,90°,0°,-7.163,8.743,1.617,270.02,270,0
88,ParLight,Generic Dimmer,Generic Dimmer,1ch,0,0,-6.9m,8.74m,-1.62m,-179.98°,90°,0°,-6.896,8.743,1.617,270.02,270,0
140,ParLight,Generic Dimmer,Generic Dimmer,1ch,0,0,-6.64m,8.74m,-1.62m,-179.98°,90°,0°,-6.636,8.743,1.617,270.02,270,0
192,ParLight,Generic Dimmer,Generic Dimmer,1ch,0,0,-5.65m,8.74m,-1.62m,-179.98°,90°,0°,-5.65,8.743,1.617,270.02,270,0
244,ParLight,Generic Dimmer,Generic Dimmer,1ch,0,0,-5.38m,8.74m,-1.62m,-179.98°,90°,0°,-5.383,8.743,1.617,270.02,270,0
296,ParLight,Generic Dimmer,Generic Dimmer,1ch,0,0,-5.12m,8.74m,-1.62m,-179.98°,90°,0°,-5.123,8.743,1.617,270.02,270,0
348,ParLight,Generic Dimmer,Generic Dimmer,1ch,0,0,-4.08m,8.74m,-1.62m,-179.98°,90°,0°,-4.084,8.743,1.617,270.02,270,0
400,ParLight,Generic Dimmer,Generic Dimmer,1ch,0,0,-3.82m,8.74m,-1.62m,-179.98°,90°,0°,-3.817,8.743,1.617,270.02,270,0
452,ParLight,Generic Dimmer,Generic Dimmer,1ch,0,0,-3.56m,8.74m,-1.62m,-179.98°,90°,0°,-3.557,8.743,1.617,270.02,270,0
504,ParLight,Generic Dimmer,Generic Dimmer,1ch,0,0,-2.56m,8.74m,-1.62m,-179.98°,90°,0°,-2.56,8.743,1.617,270.02,270,0
556,ParLight,Generic Dimmer,Generic Dimmer,1ch,0,0,-2.29m,8.74m,-1.62m,-179.98°,90°,0°,-2.293,8.743,1.617,270.02,270,0
608,ParLight,Generic Dimmer,Generic Dimmer,1ch,0,0,-2.03m,8.74m,-1.62m,-179.98°,90°,0°,-2.033,8.743,1.617,270.02,270,0
660,ParLight,Generic Dimmer,Generic Dimmer,1ch,0,0,-1.02m,8.74m,-1.62m,-179.98°,90°,0°,-1.019,8.743,1.617,270.02,270,0
712,ParLight,Generic Dimmer,Generic Dimmer,1ch,0,0,-0.75m,8.74m,-1.62m,-179.98°,90°,0°,-0.752,8.743,1.617,270.02,270,0
764,ParLight,Generic Dimmer,Generic Dimmer,1ch,0,0,-0.49m,8.74m,-1.62m,-179.98°,90°,0°,-0.492,8.743,1.617,270.02,270,0
816,ParLight,Generic Dimmer,Generic Dimmer,1ch,0,0,0.53m,8.74m,-1.62m,-179.98°,90°,0°,0.533,8.743,1.617,270.02,270,0
868,ParLight,Generic Dimmer,Generic Dimmer,1ch,0,0,0.8m,8.74m,-1.62m,-179.98°,90°,0°,0.8,8.743,1.617,270.02,270,0
920,ParLight,Generic Dimmer,Generic Dimmer,1ch,0,0,1.06m,8.74m,-1.62m,-179.98°,90°,0°,1.06,8.743,1.617,270.02,270,0
972,ParLight,Generic Dimmer,Generic Dimmer,1ch,0,0,2.12m,8.74m,-1.62m,-179.98°,90°,0°,2.119,8.743,1.617,270.02,270,0
1024,ParLight,Generic Dimmer,Generic Dimmer,1ch,0,0,2.39m,8.74m,-1.62m,-179.98°,90°,0°,2.386,8.743,1.617,270.02,270,0
1076,ParLight,Generic Dimmer,Generic Dimmer,1ch,0,0,2.65m,8.74m,-1.62m,-179.98°,90°,0°,2.646,8.743,1.617,270.02,270,0
1128,ParLight,Generic Dimmer,Generic Dimmer,1ch,0,0,3.56m,8.74m,-1.62m,-179.98°,90°,0°,3.56,8.743,1.617,270.02,270,0
1180,ParLight,Generic Dimmer,Generic Dimmer,1ch,0,0,3.83m,8.74m,-1.62m,-179.98°,90°,0°,3.827,8.743,1.617,270.02,270,0
1232,ParLight,Generic Dimmer,Generic Dimmer,1ch,0,0,4.09m,8.74m,-1.62m,-179.98°,90°,0°,4.087,8.743,1.617,270.02,270,0
1284,ParLight,Generic Dimmer,Generic Dimmer,1ch,0,0,5.15m,8.74m,-1.62m,-179.98°,90°,0°,5.153,8.743,1.617,270.02,270,0
1336,ParLight,Generic Dimmer,Generic Dimmer,1ch,0,0,5.42m,8.74m,-1.62m,-179.98°,90°,0°,5.42,8.743,1.617,270.02,270,0
1388,ParLight,Generic Dimmer,Generic Dimmer,1ch,0,0,5.68m,8.74m,-1.62m,-179.98°,90°,0°,5.68,8.743,1.617,270.02,270,0
1440,ParLight,Generic Dimmer,Generic Dimmer,1ch,0,0,6.67m,8.74m,-1.62m,-179.98°,90°,0°,6.668,8.743,1.617,270.02,270,0
1492,ParLight,Generic Dimmer,Generic Dimmer,1ch,0,0,6.94m,8.74m,-1.62m,-179.98°,90°,0°,6.935,8.743,1.617,270.02,270,0
1544,ParLight,Generic Dimmer,Generic Dimmer,1ch,0,0,7.2m,8.74m,-1.62m,-179.98°,90°,0°,7.195,8.743,1.617,270.02,270,0
37,ParLight,Generic Dimmer,Generic Dimmer,1ch,0,0,-7.16m,8.74m,-1.62m,-179.98°,90°,0°,-7.163,8.743,1.617,270.02,270,0
89,ParLight,Generic Dimmer,Generic Dimmer,1ch,0,0,-6.9m,8.74m,-1.62m,-179.98°,90°,0°,-6.896,8.743,1.617,270.02,270,0
141,ParLight,Generic Dimmer,Generic Dimmer,1ch,0,0,-6.64m,8.74m,-1.62m,-179.98°,90°,0°,-6.636,8.743,1.617,270.02,270,0
193,ParLight,Generic Dimmer,Generic Dimmer,1ch,0,0,-5.65m,8.74m,-1.62m,-179.98°,90°,0°,-5.65,8.743,1.617,270.02,270,0
245,ParLight,Generic Dimmer,Generic Dimmer,1ch,0,0,-5.38m,8.74m,-1.62m,-179.98°,90°,0°,-5.383,8.743,1.617,270.02,270,0
297,ParLight,Generic Dimmer,Generic Dimmer,1ch,0,0,-5.12m,8.74m,-1.62m,-179.98°,90°,0°,-5.123,8.743,1.617,270.02,270,0
349,ParLight,Generic Dimmer,Generic Dimmer,1ch,0,0,-4.08m,8.74m,-1.62m,-179.98°,90°,0°,-4.084,8.743,1.617,270.02,270,0
401,ParLight,Generic Dimmer,Generic Dimmer,1ch,0,0,-3.82m,8.74m,-1.62m,-179.98°,90°,0°,-3.817,8.743,1.617,270.02,270,0
453,ParLight,Generic Dimmer,Generic Dimmer,1ch,0,0,-3.56m,8.74m,-1.62m,-179.98°,90°,0°,-3.557,8.743,1.617,270.02,270,0
505,ParLight,Generic Dimmer,Generic Dimmer,1ch,0,0,-2.56m,8.74m,-1.62m,-179.98°,90°,0°,-2.56,8.743,1.617,270.02,270,0
557,ParLight,Generic Dimmer,Generic Dimmer,1ch,0,0,-2.29m,8.74m,-1.62m,-179.98°,90°,0°,-2.293,8.743,1.617,270.02,270,0
609,ParLight,Generic Dimmer,Generic Dimmer,1ch,0,0,-2.03m,8.74m,-1.62m,-179.98°,90°,0°,-2.033,8.743,1.617,270.02,270,0
661,ParLight,Generic Dimmer,Generic Dimmer,1ch,0,0,-1.02m,8.74m,-1.62m,-179.98°,90°,0°,-1.019,8.743,1.617,270.02,270,0
713,ParLight,Generic Dimmer,Generic Dimmer,1ch,0,0,-0.75m,8.74m,-1.62m,-179.98°,90°,0°,-0.752,8.743,1.617,270.02,270,0
765,ParLight,Generic Dimmer,Generic Dimmer,1ch,0,0,-0.49m,8.74m,-1.62m,-179.98°,90°,0°,-0.492,8.743,1.617,270.02,270,0
817,ParLight,Generic Dimmer,Generic Dimmer,1ch,0,0,0.53m,8.74m,-1.62m,-179.98°,90°,0°,0.533,8.743,1.617,270.02,270,0
869,ParLight,Generic Dimmer,Generic Dimmer,1ch,0,0,0.8m,8.74m,-1.62m,-179.98°,90°,0°,0.8,8.743,1.617,270.02,270,0
921,ParLight,Generic Dimmer,Generic Dimmer,1ch,0,0,1.06m,8.74m,-1.62m,-179.98°,90°,0°,1.06,8.743,1.617,270.02,270,0
973,ParLight,Generic Dimmer,Generic Dimmer,1ch,0,0,2.12m,8.74m,-1.62m,-179.98°,90°,0°,2.119,8.743,1.617,270.02,270,0
1025,ParLight,Generic Dimmer,Generic Dimmer,1ch,0,0,2.39m,8.74m,-1.62m,-179.98°,90°,0°,2.386,8.743,1.617,270.02,270,0
1077,ParLight,Generic Dimmer,Generic Dimmer,1ch,0,0,2.65m,8.74m,-1.62m,-179.98°,90°,0°,2.646,8.743,1.617,270.02,270,0
1129,ParLight,Generic Dimmer,Generic Dimmer,1ch,0,0,3.56m,8.74m,-1.62m,-179.98°,90°,0°,3.56,8.743,1.617,270.02,270,0
1181,ParLight,Generic Dimmer,Generic Dimmer,1ch,0,0,3.83m,8.74m,-1.62m,-179.98°,90°,0°,3.827,8.743,1.617,270.02,270,0
1233,ParLight,Generic Dimmer,Generic Dimmer,1ch,0,0,4.09m,8.74m,-1.62m,-179.98°,90°,0°,4.087,8.743,1.617,270.02,270,0
1285,ParLight,Generic Dimmer,Generic Dimmer,1ch,0,0,5.15m,8.74m,-1.62m,-179.98°,90°,0°,5.153,8.743,1.617,270.02,270,0
1337,ParLight,Generic Dimmer,Generic Dimmer,1ch,0,0,5.42m,8.74m,-1.62m,-179.98°,90°,0°,5.42,8.743,1.617,270.02,270,0
1389,ParLight,Generic Dimmer,Generic Dimmer,1ch,0,0,5.68m,8.74m,-1.62m,-179.98°,90°,0°,5.68,8.743,1.617,270.02,270,0
1441,ParLight,Generic Dimmer,Generic Dimmer,1ch,0,0,6.67m,8.74m,-1.62m,-179.98°,90°,0°,6.668,8.743,1.617,270.02,270,0
1493,ParLight,Generic Dimmer,Generic Dimmer,1ch,0,0,6.94m,8.74m,-1.62m,-179.98°,90°,0°,6.935,8.743,1.617,270.02,270,0
1545,ParLight,Generic Dimmer,Generic Dimmer,1ch,0,0,7.2m,8.74m,-1.62m,-179.98°,90°,0°,7.195,8.743,1.617,270.02,270,0
41,ParLight,Generic Dimmer,Generic Dimmer,1ch,0,0,-7.16m,8.74m,-1.62m,-179.98°,90°,0°,-7.163,8.743,1.617,270.02,270,0
93,ParLight,Generic Dimmer,Generic Dimmer,1ch,0,0,-6.9m,8.74m,-1.62m,-179.98°,90°,0°,-6.896,8.743,1.617,270.02,270,0
145,ParLight,Generic Dimmer,Generic Dimmer,1ch,0,0,-6.64m,8.74m,-1.62m,-179.98°,90°,0°,-6.636,8.743,1.617,270.02,270,0
197,ParLight,Generic Dimmer,Generic Dimmer,1ch,0,0,-5.65m,8.74m,-1.62m,-179.98°,90°,0°,-5.65,8.743,1.617,270.02,270,0
249,ParLight,Generic Dimmer,Generic Dimmer,1ch,0,0,-5.38m,8.74m,-1.62m,-179.98°,90°,0°,-5.383,8.743,1.617,270.02,270,0
301,ParLight,Generic Dimmer,Generic Dimmer,1ch,0,0,-5.12m,8.74m,-1.62m,-179.98°,90°,0°,-5.123,8.743,1.617,270.02,270,0
353,ParLight,Generic Dimmer,Generic Dimmer,1ch,0,0,-4.08m,8.74m,-1.62m,-179.98°,90°,0°,-4.084,8.743,1.617,270.02,270,0
405,ParLight,Generic Dimmer,Generic Dimmer,1ch,0,0,-3.82m,8.74m,-1.62m,-179.98°,90°,0°,-3.817,8.743,1.617,270.02,270,0
457,ParLight,Generic Dimmer,Generic Dimmer,1ch,0,0,-3.56m,8.74m,-1.62m,-179.98°,90°,0°,-3.557,8.743,1.617,270.02,270,0
509,ParLight,Generic Dimmer,Generic Dimmer,1ch,0,0,-2.56m,8.74m,-1.62m,-179.98°,90°,0°,-2.56,8.743,1.617,270.02,270,0
561,ParLight,Generic Dimmer,Generic Dimmer,1ch,0,0,-2.29m,8.74m,-1.62m,-179.98°,90°,0°,-2.293,8.743,1.617,270.02,270,0
613,ParLight,Generic Dimmer,Generic Dimmer,1ch,0,0,-2.03m,8.74m,-1.62m,-179.98°,90°,0°,-2.033,8.743,1.617,270.02,270,0
665,ParLight,Generic Dimmer,Generic Dimmer,1ch,0,0,-1.02m,8.74m,-1.62m,-179.98°,90°,0°,-1.019,8.743,1.617,270.02,270,0
717,ParLight,Generic Dimmer,Generic Dimmer,1ch,0,0,-0.75m,8.74m,-1.62m,-179.98°,90°,0°,-0.752,8.743,1.617,270.02,270,0
769,ParLight,Generic Dimmer,Generic Dimmer,1ch,0,0,-0.49m,8.74m,-1.62m,-179.98°,90°,0°,-0.492,8.743,1.617,270.02,270,0
821,ParLight,Generic Dimmer,Generic Dimmer,1ch,0,0,0.53m,8.74m,-1.62m,-179.98°,90°,0°,0.533,8.743,1.617,270.02,270,0
873,ParLight,Generic Dimmer,Generic Dimmer,1ch,0,0,0.8m,8.74m,-1.62m,-179.98°,90°,0°,0.8,8.743,1.617,270.02,270,0
925,ParLight,Generic Dimmer,Generic Dimmer,1ch,0,0,1.06m,8.74m,-1.62m,-179.98°,90°,0°,1.06,8.743,1.617,270.02,270,0
977,ParLight,Generic Dimmer,Generic Dimmer,1ch,0,0,2.12m,8.74m,-1.62m,-179.98°,90°,0°,2.119,8.743,1.617,270.02,270,0
1029,ParLight,Generic Dimmer,Generic Dimmer,1ch,0,0,2.39m,8.74m,-1.62m,-179.98°,90°,0°,2.386,8.743,1.617,270.02,270,0
1081,ParLight,Generic Dimmer,Generic Dimmer,1ch,0,0,2.65m,8.74m,-1.62m,-179.98°,90°,0°,2.646,8.743,1.617,270.02,270,0
1133,ParLight,Generic Dimmer,Generic Dimmer,1ch,0,0,3.56m,8.74m,-1.62m,-179.98°,90°,0°,3.56,8.743,1.617,270.02,270,0
1185,ParLight,Generic Dimmer,Generic Dimmer,1ch,0,0,3.83m,8.74m,-1.62m,-179.98°,90°,0°,3.827,8.743,1.617,270.02,270,0
1237,ParLight,Generic Dimmer,Generic Dimmer,1ch,0,0,4.09m,8.74m,-1.62m,-179.98°,90°,0°,4.087,8.743,1.617,270.02,270,0
1289,ParLight,Generic Dimmer,Generic Dimmer,1ch,0,0,5.15m,8.74m,-1.62m,-179.98°,90°,0°,5.153,8.743,1.617,270.02,270,0
1341,ParLight,Generic Dimmer,Generic Dimmer,1ch,0,0,5.42m,8.74m,-1.62m,-179.98°,90°,0°,5.42,8.743,1.617,270.02,270,0
1393,ParLight,Generic Dimmer,Generic Dimmer,1ch,0,0,5.68m,8.74m,-1.62m,-179.98°,90°,0°,5.68,8.743,1.617,270.02,270,0
1445,ParLight,Generic Dimmer,Generic Dimmer,1ch,0,0,6.67m,8.74m,-1.62m,-179.98°,90°,0°,6.668,8.743,1.617,270.02,270,0
1497,ParLight,Generic Dimmer,Generic Dimmer,1ch,0,0,6.94m,8.74m,-1.62m,-179.98°,90°,0°,6.935,8.743,1.617,270.02,270,0
1549,ParLight,Generic Dimmer,Generic Dimmer,1ch,0,0,7.2m,8.74m,-1.62m,-179.98°,90°,0°,7.195,8.743,1.617,270.02,270,0
46,ParLight,Generic Dimmer,Generic Dimmer,1ch,0,0,-7.16m,8.74m,-1.62m,-179.98°,90°,0°,-7.163,8.743,1.617,270.02,270,0
98,ParLight,Generic Dimmer,Generic Dimmer,1ch,0,0,-6.9m,8.74m,-1.62m,-179.98°,90°,0°,-6.896,8.743,1.617,270.02,270,0
150,ParLight,Generic Dimmer,Generic Dimmer,1ch,0,0,-6.64m,8.74m,-1.62m,-179.98°,90°,0°,-6.636,8.743,1.617,270.02,270,0
202,ParLight,Generic Dimmer,Generic Dimmer,1ch,0,0,-5.65m,8.74m,-1.62m,-179.98°,90°,0°,-5.65,8.743,1.617,270.02,270,0
254,ParLight,Generic Dimmer,Generic Dimmer,1ch,0,0,-5.38m,8.74m,-1.62m,-179.98°,90°,0°,-5.383,8.743,1.617,270.02,270,0
306,ParLight,Generic Dimmer,Generic Dimmer,1ch,0,0,-5.12m,8.74m,-1.62m,-179.98°,90°,0°,-5.123,8.743,1.617,270.02,270,0
358,ParLight,Generic Dimmer,Generic Dimmer,1ch,0,0,-4.08m,8.74m,-1.62m,-179.98°,90°,0°,-4.084,8.743,1.617,270.02,270,0
410,ParLight,Generic Dimmer,Generic Dimmer,1ch,0,0,-3.82m,8.74m,-1.62m,-179.98°,90°,0°,-3.817,8.743,1.617,270.02,270,0
462,ParLight,Generic Dimmer,Generic Dimmer,1ch,0,0,-3.56m,8.74m,-1.62m,-179.98°,90°,0°,-3.557,8.743,1.617,270.02,270,0
514,ParLight,Generic Dimmer,Generic Dimmer,1ch,0,0,-2.56m,8.74m,-1.62m,-179.98°,90°,0°,-2.56,8.743,1.617,270.02,270,0
566,ParLight,Generic Dimmer,Generic Dimmer,1ch,0,0,-2.29m,8.74m,-1.62m,-179.98°,90°,0°,-2.293,8.743,1.617,270.02,270,0
618,ParLight,Generic Dimmer,Generic Dimmer,1ch,0,0,-2.03m,8.74m,-1.62m,-179.98°,90°,0°,-2.033,8.743,1.617,270.02,270,0
670,ParLight,Generic Dimmer,Generic Dimmer,1ch,0,0,-1.02m,8.74m,-1.62m,-179.98°,90°,0°,-1.019,8.743,1.617,270.02,270,0
722,ParLight,Generic Dimmer,Generic Dimmer,1ch,0,0,-0.75m,8.74m,-1.62m,-179.98°,90°,0°,-0.752,8.743,1.617,270.02,270,0
774,ParLight,Generic Dimmer,Generic Dimmer,1ch,0,0,-0.49m,8.74m,-1.62m,-179.98°,90°,0°,-0.492,8.743,1.617,270.02,270,0
826,ParLight,Generic Dimmer,Generic Dimmer,1ch,0,0,0.53m,8.74m,-1.62m,-179.98°,90°,0°,0.533,8.743,1.617,270.02,270,0
878,ParLight,Generic Dimmer,Generic Dimmer,1ch,0,0,0.8m,8.74m,-1.62m,-179.98°,90°,0°,0.8,8.743,1.617,270.02,270,0
930,ParLight,Generic Dimmer,Generic Dimmer,1ch,0,0,1.06m,8.74m,-1.62m,-179.98°,90°,0°,1.06,8.743,1.617,270.02,270,0
982,ParLight,Generic Dimmer,Generic Dimmer,1ch,0,0,2.12m,8.74m,-1.62m,-179.98°,90°,0°,2.119,8.743,1.617,270.02,270,0
1034,ParLight,Generic Dimmer,Generic Dimmer,1ch,0,0,2.39m,8.74m,-1.62m,-179.98°,90°,0°,2.386,8.743,1.617,270.02,270,0
1086,ParLight,Generic Dimmer,Generic Dimmer,1ch,0,0,2.65m,8.74m,-1.62m,-179.98°,90°,0°,2.646,8.743,1.617,270.02,270,0
1138,ParLight,Generic Dimmer,Generic Dimmer,1ch,0,0,3.56m,8.74m,-1.62m,-179.98°,90°,0°,3.56,8.743,1.617,270.02,270,0
1190,ParLight,Generic Dimmer,Generic Dimmer,1ch,0,0,3.83m,8.74m,-1.62m,-179.98°,90°,0°,3.827,8.743,1.617,270.02,270,0
1242,ParLight,Generic Dimmer,Generic Dimmer,1ch,0,0,4.09m,8.74m,-1.62m,-179.98°,90°,0°,4.087,8.743,1.617,270.02,270,0
1294,ParLight,Generic Dimmer,Generic Dimmer,1ch,0,0,5.15m,8.74m,-1.62m,-179.98°,90°,0°,5.153,8.743,1.617,270.02,270,0
1346,ParLight,Generic Dimmer,Generic Dimmer,1ch,0,0,5.42m,8.74m,-1.62m,-179.98°,90°,0°,5.42,8.743,1.617,270.02,270,0
1398,ParLight,Generic Dimmer,Generic Dimmer,1ch,0,0,5.68m,8.74m,-1.62m,-179.98°,90°,0°,5.68,8.743,1.617,270.02,270,0
1450,ParLight,Generic Dimmer,Generic Dimmer,1ch,0,0,6.67m,8.74m,-1.62m,-179.98°,90°,0°,6.668,8.743,1.617,270.02,270,0
1502,ParLight,Generic Dimmer,Generic Dimmer,1ch,0,0,6.94m,8.74m,-1.62m,-179.98°,90°,0°,6.935,8.743,1.617,270.02,270,0
1554,ParLight,Generic Dimmer,Generic Dimmer,1ch,0,0,7.2m,8.74m,-1.62m,-179.98°,90°,0°,7.195,8.743,1.617,270.02,270,0
47,ParLight,Generic Dimmer,Generic Dimmer,1ch,0,0,-7.16m,8.74m,-1.62m,-179.98°,90°,0°,-7.163,8.743,1.617,270.02,270,0
99,ParLight,Generic Dimmer,Generic Dimmer,1ch,0,0,-6.9m,8.74m,-1.62m,-179.98°,90°,0°,-6.896,8.743,1.617,270.02,270,0
151,ParLight,Generic Dimmer,Generic Dimmer,1ch,0,0,-6.64m,8.74m,-1.62m,-179.98°,90°,0°,-6.636,8.743,1.617,270.02,270,0
203,ParLight,Generic Dimmer,Generic Dimmer,1ch,0,0,-5.65m,8.74m,-1.62m,-179.98°,90°,0°,-5.65,8.743,1.617,270.02,270,0
255,ParLight,Generic Dimmer,Generic Dimmer,1ch,0,0,-5.38m,8.74m,-1.62m,-179.98°,90°,0°,-5.383,8.743,1.617,270.02,270,0
307,ParLight,Generic Dimmer,Generic Dimmer,1ch,0,0,-5.12m,8.74m,-1.62m,-179.98°,90°,0°,-5.123,8.743,1.617,270.02,270,0
359,ParLight,Generic Dimmer,Generic Dimmer,1ch,0,0,-4.08m,8.74m,-1.62m,-179.98°,90°,0°,-4.084,8.743,1.617,270.02,270,0
411,ParLight,Generic Dimmer,Generic Dimmer,1ch,0,0,-3.82m,8.74m,-1.62m,-179.98°,90°,0°,-3.817,8.743,1.617,270.02,270,0
463,ParLight,Generic Dimmer,Generic Dimmer,1ch,0,0,-3.56m,8.74m,-1.62m,-179.98°,90°,0°,-3.557,8.743,1.617,270.02,270,0
515,ParLight,Generic Dimmer,Generic Dimmer,1ch,0,0,-2.56m,8.74m,-1.62m,-179.98°,90°,0°,-2.56,8.743,1.617,270.02,270,0
567,ParLight,Generic Dimmer,Generic Dimmer,1ch,0,0,-2.29m,8.74m,-1.62m,-179.98°,90°,0°,-2.293,8.743,1.617,270.02,270,0
619,ParLight,Generic Dimmer,Generic Dimmer,1ch,0,0,-2.03m,8.74m,-1.62m,-179.98°,90°,0°,-2.033,8.743,1.617,270.02,270,0
671,ParLight,Generic Dimmer,Generic Dimmer,1ch,0,0,-1.02m,8.74m,-1.62m,-179.98°,90°,0°,-1.019,8.743,1.617,270.02,270,0
723,ParLight,Generic Dimmer,Generic Dimmer,1ch,0,0,-0.75m,8.74m,-1.62m,-179.98°,90°,0°,-0.752,8.743,1.617,270.02,270,0
775,ParLight,Generic Dimmer,Generic Dimmer,1ch,0,0,-0.49m,8.74m,-1.62m,-179.98°,90°,0°,-0.492,8.743,1.617,270.02,270,0
827,ParLight,Generic Dimmer,Generic Dimmer,1ch,0,0,0.53m,8.74m,-1.62m,-179.98°,90°,0°,0.533,8.743,1.617,270.02,270,0
879,ParLight,Generic Dimmer,Generic Dimmer,1ch,0,0,0.8m,8.74m,-1.62m,-179.98°,90°,0°,0.8,8.743,1.617,270.02,270,0
931,ParLight,Generic Dimmer,Generic Dimmer,1ch,0,0,1.06m,8.74m,-1.62m,-179.98°,90°,0°,1.06,8.743,1.617,270.02,270,0
983,ParLight,Generic Dimmer,Generic Dimmer,1ch,0,0,2.12m,8.74m,-1.62m,-179.98°,90°,0°,2.119,8.743,1.617,270.02,270,0
1035,ParLight,Generic Dimmer,Generic Dimmer,1ch,0,0,2.39m,8.74m,-1.62m,-179.98°,90°,0°,2.386,8.743,1.617,270.02,270,0
1087,ParLight,Generic Dimmer,Generic Dimmer,1ch,0,0,2.65m,8.74m,-1.62m,-179.98°,90°,0°,2.646,8.743,1.617,270.02,270,0
1139,ParLight,Generic Dimmer,Generic Dimmer,1ch,0,0,3.56m,8.74m,-1.62m,-179.98°,90°,0°,3.56,8.743,1.617,270.02,270,0
1191,ParLight,Generic Dimmer,Generic Dimmer,1ch,0,0,3.83m,8.74m,-1.62m,-179.98°,90°,0°,3.827,8.743,1.617,270.02,270,0
1243,ParLight,Generic Dimmer,Generic Dimmer,1ch,0,0,4.09m,8.74m,-1.62m,-179.98°,90°,0°,4.087,8.743,1.617,270.02,270,0
1295,ParLight,Generic Dimmer,Generic Dimmer,1ch,0,0,5.15m,8.74m,-1.62m,-179.98°,90°,0°,5.153,8.743,1.617,270.02,270,0
1347,ParLight,Generic Dimmer,Generic Dimmer,1ch,0,0,5.42m,8.74m,-1.62m,-179.98°,90°,0°,5.42,8.743,1.617,270.02,270,0
1399,ParLight,Generic Dimmer,Generic Dimmer,1ch,0,0,5.68m,8.74m,-1.62m,-179.98°,90°,0°,5.68,8.743,1.617,270.02,270,0
1451,ParLight,Generic Dimmer,Generic Dimmer,1ch,0,0,6.67m,8.74m,-1.62m,-179.98°,90°,0°,6.668,8.743,1.617,270.02,270,0
1503,ParLight,Generic Dimmer,Generic Dimmer,1ch,0,0,6.94m,8.74m,-1.62m,-179.98°,90°,0°,6.935,8.743,1.617,270.02,270,0
1555,ParLight,Generic Dimmer,Generic Dimmer,1ch,0,0,7.2m,8.74m,-1.62m,-179.98°,90°,0°,7.195,8.743,1.617,270.02,270,0
48,ParLight,Generic Dimmer,Generic Dimmer,1ch,0,0,-7.16m,8.74m,-1.62m,-179.98°,90°,0°,-7.163,8.743,1.617,270.02,270,0
100,ParLight,Generic Dimmer,Generic Dimmer,1ch,0,0,-6.9m,8.74m,-1.62m,-179.98°,90°,0°,-6.896,8.743,1.617,270.02,270,0
152,ParLight,Generic Dimmer,Generic Dimmer,1ch,0,0,-6.64m,8.74m,-1.62m,-179.98°,90°,0°,-6.636,8.743,1.617,270.02,270,0
204,ParLight,Generic Dimmer,Generic Dimmer,1ch,0,0,-5.65m,8.74m,-1.62m,-179.98°,90°,0°,-5.65,8.743,1.617,270.02,270,0
256,ParLight,Generic Dimmer,Generic Dimmer,1ch,0,0,-5.38m,8.74m,-1.62m,-179.98°,90°,0°,-5.383,8.743,1.617,270.02,270,0
308,ParLight,Generic Dimmer,Generic Dimmer,1ch,0,0,-5.12m,8.74m,-1.62m,-179.98°,90°,0°,-5.123,8.743,1.617,270.02,270,0
360,ParLight,Generic Dimmer,Generic Dimmer,1ch,0,0,-4.08m,8.74m,-1.62m,-179.98°,90°,0°,-4.084,8.743,1.617,270.02,270,0
412,ParLight,Generic Dimmer,Generic Dimmer,1ch,0,0,-3.82m,8.74m,-1.62m,-179.98°,90°,0°,-3.817,8.743,1.617,270.02,270,0
464,ParLight,Generic Dimmer,Generic Dimmer,1ch,0,0,-3.56m,8.74m,-1.62m,-179.98°,90°,0°,-3.557,8.743,1.617,270.02,270,0
516,ParLight,Generic Dimmer,Generic Dimmer,1ch,0,0,-2.56m,8.74m,-1.62m,-179.98°,90°,0°,-2.56,8.743,1.617,270.02,270,0
568,ParLight,Generic Dimmer,Generic Dimmer,1ch,0,0,-2.29m,8.74m,-1.62m,-179.98°,90°,0°,-2.293,8.743,1.617,270.02,270,0
620,ParLight,Generic Dimmer,Generic Dimmer,1ch,0,0,-2.03m,8.74m,-1.62m,-179.98°,90°,0°,-2.033,8.743,1.617,270.02,270,0
672,ParLight,Generic Dimmer,Generic Dimmer,1ch,0,0,-1.02m,8.74m,-1.62m,-179.98°,90°,0°,-1.019,8.743,1.617,270.02,270,0
724,ParLight,Generic Dimmer,Generic Dimmer,1ch,0,0,-0.75m,8.74m,-1.62m,-179.98°,90°,0°,-0.752,8.743,1.617,270.02,270,0
776,ParLight,Generic Dimmer,Generic Dimmer,1ch,0,0,-0.49m,8.74m,-1.62m,-179.98°,90°,0°,-0.492,8.743,1.617,270.02,270,0
828,ParLight,Generic Dimmer,Generic Dimmer,1ch,0,0,0.53m,8.74m,-1.62m,-179.98°,90°,0°,0.533,8.743,1.617,270.02,270,0
880,ParLight,Generic Dimmer,Generic Dimmer,1ch,0,0,0.8m,8.74m,-1.62m,-179.98°,90°,0°,0.8,8.743,1.617,270.02,270,0
932,ParLight,Generic Dimmer,Generic Dimmer,1ch,0,0,1.06m,8.74m,-1.62m,-179.98°,90°,0°,1.06,8.743,1.617,270.02,270,0
984,ParLight,Generic Dimmer,Generic Dimmer,1ch,0,0,2.12m,8.74m,-1.62m,-179.98°,90°,0°,2.119,8.743,1.617,270.02,270,0
1036,ParLight,Generic Dimmer,Generic Dimmer,1ch,0,0,2.39m,8.74m,-1.62m,-179.98°,90°,0°,2.386,8.743,1.617,270.02,270,0
1088,ParLight,Generic Dimmer,Generic Dimmer,1ch,0,0,2.65m,8.74m,-1.62m,-179.98°,90°,0°,2.646,8.743,1.617,270.02,270,0
1140,ParLight,Generic Dimmer,Generic Dimmer,1ch,0,0,3.56m,8.74m,-1.62m,-179.98°,90°,0°,3.56,8.743,1.617,270.02,270,0
1192,ParLight,Generic Dimmer,Generic Dimmer,1ch,0,0,3.83m,8.74m,-1.62m,-179.98°,90°,0°,3.827,8.743,1.617,270.02,270,0
1244,ParLight,Generic Dimmer,Generic Dimmer,1ch,0,0,4.09m,8.74m,-1.62m,-179.98°,90°,0°,4.087,8.743,1.617,270.02,270,0
1296,ParLight,Generic Dimmer,Generic Dimmer,1ch,0,0,5.15m,8.74m,-1.62m,-179.98°,90°,0°,5.153,8.743,1.617,270.02,270,0
1348,ParLight,Generic Dimmer,Generic Dimmer,1ch,0,0,5.42m,8.74m,-1.62m,-179.98°,90°,0°,5.42,8.743,1.617,270.02,270,0
1400,ParLight,Generic Dimmer,Generic Dimmer,1ch,0,0,5.68m,8.74m,-1.62m,-179.98°,90°,0°,5.68,8.743,1.617,270.02,270,0
1452,ParLight,Generic Dimmer,Generic Dimmer,1ch,0,0,6.67m,8.74m,-1.62m,-179.98°,90°,0°,6.668,8.743,1.617,270.02,270,0
1504,ParLight,Generic Dimmer,Generic Dimmer,1ch,0,0,6.94m,8.74m,-1.62m,-179.98°,90°,0°,6.935,8.743,1.617,270.02,270,0
1556,ParLight,Generic Dimmer,Generic Dimmer,1ch,0,0,7.2m,8.74m,-1.62m,-179.98°,90°,0°,7.195,8.743,1.617,270.02,270,0
49,ParLight,Generic Dimmer,Generic Dimmer,1ch,0,0,-7.16m,8.74m,-1.62m,-179.98°,90°,0°,-7.163,8.743,1.617,270.02,270,0
101,ParLight,Generic Dimmer,Generic Dimmer,1ch,0,0,-6.9m,8.74m,-1.62m,-179.98°,90°,0°,-6.896,8.743,1.617,270.02,270,0
153,ParLight,Generic Dimmer,Generic Dimmer,1ch,0,0,-6.64m,8.74m,-1.62m,-179.98°,90°,0°,-6.636,8.743,1.617,270.02,270,0
205,ParLight,Generic Dimmer,Generic Dimmer,1ch,0,0,-5.65m,8.74m,-1.62m,-179.98°,90°,0°,-5.65,8.743,1.617,270.02,270,0
257,ParLight,Generic Dimmer,Generic Dimmer,1ch,0,0,-5.38m,8.74m,-1.62m,-179.98°,90°,0°,-5.383,8.743,1.617,270.02,270,0
309,ParLight,Generic Dimmer,Generic Dimmer,1ch,0,0,-5.12m,8.74m,-1.62m,-179.98°,90°,0°,-5.123,8.743,1.617,270.02,270,0
361,ParLight,Generic Dimmer,Generic Dimmer,1ch,0,0,-4.08m,8.74m,-1.62m,-179.98°,90°,0°,-4.084,8.743,1.617,270.02,270,0
413,ParLight,Generic Dimmer,Generic Dimmer,1ch,0,0,-3.82m,8.74m,-1.62m,-179.98°,90°,0°,-3.817,8.743,1.617,270.02,270,0
465,ParLight,Generic Dimmer,Generic Dimmer,1ch,0,0,-3.56m,8.74m,-1.62m,-179.98°,90°,0°,-3.557,8.743,1.617,270.02,270,0
517,ParLight,Generic Dimmer,Generic Dimmer,1ch,0,0,-2.56m,8.74m,-1.62m,-179.98°,90°,0°,-2.56,8.743,1.617,270.02,270,0
569,ParLight,Generic Dimmer,Generic Dimmer,1ch,0,0,-2.29m,8.74m,-1.62m,-179.98°,90°,0°,-2.293,8.743,1.617,270.02,270,0
621,ParLight,Generic Dimmer,Generic Dimmer,1ch,0,0,-2.03m,8.74m,-1.62m,-179.98°,90°,0°,-2.033,8.743,1.617,270.02,270,0
673,ParLight,Generic Dimmer,Generic Dimmer,1ch,0,0,-1.02m,8.74m,-1.62m,-179.98°,90°,0°,-1.019,8.743,1.617,270.02,270,0
725,ParLight,Generic Dimmer,Generic Dimmer,1ch,0,0,-0.75m,8.74m,-1.62m,-179.98°,90°,0°,-0.752,8.743,1.617,270.02,270,0
777,ParLight,Generic Dimmer,Generic Dimmer,1ch,0,0,-0.49m,8.74m,-1.62m,-179.98°,90°,0°,-0.492,8.743,1.617,270.02,270,0
829,ParLight,Generic Dimmer,Generic Dimmer,1ch,0,0,0.53m,8.74m,-1.62m,-179.98°,90°,0°,0.533,8.743,1.617,270.02,270,0
881,ParLight,Generic Dimmer,Generic Dimmer,1ch,0,0,0.8m,8.74m,-1.62m,-179.98°,90°,0°,0.8,8.743,1.617,270.02,270,0
933,ParLight,Generic Dimmer,Generic Dimmer,1ch,0,0,1.06m,8.74m,-1.62m,-179.98°,90°,0°,1.06,8.743,1.617,270.02,270,0
985,ParLight,Generic Dimmer,Generic Dimmer,1ch,0,0,2.12m,8.74m,-1.62m,-179.98°,90°,0°,2.119,8.743,1.617,270.02,270,0
1037,ParLight,Generic Dimmer,Generic Dimmer,1ch,0,0,2.39m,8.74m,-1.62m,-179.98°,90°,0°,2.386,8.743,1.617,270.02,270,0
1089,ParLight,Generic Dimmer,Generic Dimmer,1ch,0,0,2.65m,8.74m,-1.62m,-179.98°,90°,0°,2.646,8.743,1.617,270.02,270,0
1141,ParLight,Generic Dimmer,Generic Dimmer,1ch,0,0,3.56m,8.74m,-1.62m,-179.98°,90°,0°,3.56,8.743,1.617,270.02,270,0
1193,ParLight,Generic Dimmer,Generic Dimmer,1ch,0,0,3.83m,8.74m,-1.62m,-179.98°,90°,0°,3.827,8.743,1.617,270.02,270,0
1245,ParLight,Generic Dimmer,Generic Dimmer,1ch,0,0,4.09m,8.74m,-1.62m,-179.98°,90°,0°,4.087,8.743,1.617,270.02,270,0
1297,ParLight,Generic Dimmer,Generic Dimmer,1ch,0,0,5.15m,8.74m,-1.62m,-179.98°,90°,0°,5.153,8.743,1.617,270.02,270,0
1349,ParLight,Generic Dimmer,Generic Dimmer,1ch,0,0,5.42m,8.74m,-1.62m,-179.98°,90°,0°,5.42,8.743,1.617,270.02,270,0
1401,ParLight,Generic Dimmer,Generic Dimmer,1ch,0,0,5.68m,8.74m,-1.62m,-179.98°,90°,0°,5.68,8.743,1.617,270.02,270,0
1453,ParLight,Generic Dimmer,Generic Dimmer,1ch,0,0,6.67m,8.74m,-1.62m,-179.98°,90°,0°,6.668,8.743,1.617,270.02,270,0
1505,ParLight,Generic Dimmer,Generic Dimmer,1ch,0,0,6.94m,8.74m,-1.62m,-179.98°,90°,0°,6.935,8.743,1.617,270.02,270,0
1557,ParLight,Generic Dimmer,Generic Dimmer,1ch,0,0,7.2m,8.74m,-1.62m,-179.98°,90°,0°,7.195,8.743,1.617,270.02,270,0
50,ParLight,Generic Dimmer,Generic Dimmer,1ch,0,0,-7.16m,8.74m,-1.62m,-179.98°,90°,0°,-7.163,8.743,1.617,270.02,270,0
102,ParLight,Generic Dimmer,Generic Dimmer,1ch,0,0,-6.9m,8.74m,-1.62m,-179.98°,90°,0°,-6.896,8.743,1.617,270.02,270,0
154,ParLight,Generic Dimmer,Generic Dimmer,1ch,0,0,-6.64m,8.74m,-1.62m,-179.98°,90°,0°,-6.636,8.743,1.617,270.02,270,0
206,ParLight,Generic Dimmer,Generic Dimmer,1ch,0,0,-5.65m,8.74m,-1.62m,-179.98°,90°,0°,-5.65,8.743,1.617,270.02,270,0
258,ParLight,Generic Dimmer,Generic Dimmer,1ch,0,0,-5.38m,8.74m,-1.62m,-179.98°,90°,0°,-5.383,8.743,1.617,270.02,270,0
310,ParLight,Generic Dimmer,Generic Dimmer,1ch,0,0,-5.12m,8.74m,-1.62m,-179.98°,90°,0°,-5.123,8.743,1.617,270.02,270,0
362,ParLight,Generic Dimmer,Generic Dimmer,1ch,0,0,-4.08m,8.74m,-1.62m,-179.98°,90°,0°,-4.084,8.743,1.617,270.02,270,0
414,ParLight,Generic Dimmer,Generic Dimmer,1ch,0,0,-3.82m,8.74m,-1.62m,-179.98°,90°,0°,-3.817,8.743,1.617,270.02,270,0
466,ParLight,Generic Dimmer,Generic Dimmer,1ch,0,0,-3.56m,8.74m,-1.62m,-179.98°,90°,0°,-3.557,8.743,1.617,270.02,270,0
518,ParLight,Generic Dimmer,Generic Dimmer,1ch,0,0,-2.56m,8.74m,-1.62m,-179.98°,90°,0°,-2.56,8.743,1.617,270.02,270,0
570,ParLight,Generic Dimmer,Generic Dimmer,1ch,0,0,-2.29m,8.74m,-1.62m,-179.98°,90°,0°,-2.293,8.743,1.617,270.02,270,0
622,ParLight,Generic Dimmer,Generic Dimmer,1ch,0,0,-2.03m,8.74m,-1.62m,-179.98°,90°,0°,-2.033,8.743,1.617,270.02,270,0
674,ParLight,Generic Dimmer,Generic Dimmer,1ch,0,0,-1.02m,8.74m,-1.62m,-179.98°,90°,0°,-1.019,8.743,1.617,270.02,270,0
726,ParLight,Generic Dimmer,Generic Dimmer,1ch,0,0,-0.75m,8.74m,-1.62m,-179.98°,90°,0°,-0.752,8.743,1.617,270.02,270,0
778,ParLight,Generic Dimmer,Generic Dimmer,1ch,0,0,-0.49m,8.74m,-1.62m,-179.98°,90°,0°,-0.492,8.743,1.617,270.02,270,0
830,ParLight,Generic Dimmer,Generic Dimmer,1ch,0,0,0.53m,8.74m,-1.62m,-179.98°,90°,0°,0.533,8.743,1.617,270.02,270,0
882,ParLight,Generic Dimmer,Generic Dimmer,1ch,0,0,0.8m,8.74m,-1.62m,-179.98°,90°,0°,0.8,8.743,1.617,270.02,270,0
934,ParLight,Generic Dimmer,Generic Dimmer,1ch,0,0,1.06m,8.74m,-1.62m,-179.98°,90°,0°,1.06,8.743,1.617,270.02,270,0
986,ParLight,Generic Dimmer,Generic Dimmer,1ch,0,0,2.12m,8.74m,-1.62m,-179.98°,90°,0°,2.119,8.743,1.617,270.02,270,0
1038,ParLight,Generic Dimmer,Generic Dimmer,1ch,0,0,2.39m,8.74m,-1.62m,-179.98°,90°,0°,2.386,8.743,1.617,270.02,270,0
1090,ParLight,Generic Dimmer,Generic Dimmer,1ch,0,0,2.65m,8.74m,-1.62m,-179.98°,90°,0°,2.646,8.743,1.617,270.02,270,0
1142,ParLight,Generic Dimmer,Generic Dimmer,1ch,0,0,3.56m,8.74m,-1.62m,-179.98°,90°,0°,3.56,8.743,1.617,270.02,270,0
1194,ParLight,Generic Dimmer,Generic Dimmer,1ch,0,0,3.83m,8.74m,-1.62m,-179.98°,90°,0°,3.827,8.743,1.617,270.02,270,0
1246,ParLight,Generic Dimmer,Generic Dimmer,1ch,0,0,4.09m,8.74m,-1.62m,-179.98°,90°,0°,4.087,8.743,1.617,270.02,270,0
1298,ParLight,Generic Dimmer,Generic Dimmer,1ch,0,0,5.15m,8.74m,-1.62m,-179.98°,90°,0°,5.153,8.743,1.617,270.02,270,0
1350,ParLight,Generic Dimmer,Generic Dimmer,1ch,0,0,5.42m,8.74m,-1.62m,-179.98°,90°,0°,5.42,8.743,1.617,270.02,270,0
1402,ParLight,Generic Dimmer,Generic Dimmer,1ch,0,0,5.68m,8.74m,-1.62m,-179.98°,90°,0°,5.68,8.743,1.617,270.02,270,0
1454,ParLight,Generic Dimmer,Generic Dimmer,1ch,0,0,6.67m,8.74m,-1.62m,-179.98°,90°,0°,6.668,8.743,1.617,270.02,270,0
1506,ParLight,Generic Dimmer,Generic Dimmer,1ch,0,0,6.94m,8.74m,-1.62m,-179.98°,90°,0°,6.935,8.743,1.617,270.02,270,0
1558,ParLight,Generic Dimmer,Generic Dimmer,1ch,0,0,7.2m,8.74m,-1.62m,-179.98°,90°,0°,7.195,8.743,1.617,270.02,270,0
51,ParLight,Generic Dimmer,Generic Dimmer,1ch,0,0,-7.18m,8.77m,-1.65m,-85.18°,-2.17°,-90.2°,-7.178,8.769,1.649,4.82,177.83,269.8
103,ParLight,Generic Dimmer,Generic Dimmer,1ch,0,0,-6.91m,8.77m,-1.65m,-85.18°,-2.17°,-90.2°,-6.911,8.769,1.649,4.82,177.83,269.8
155,ParLight,Generic Dimmer,Generic Dimmer,1ch,0,0,-6.65m,8.77m,-1.65m,-85.18°,-2.17°,-90.2°,-6.651,8.769,1.649,4.82,177.83,269.8
207,ParLight,Generic Dimmer,Generic Dimmer,1ch,0,0,-5.67m,8.77m,-1.65m,-85.18°,-2.17°,-90.2°,-5.665,8.769,1.649,4.82,177.83,269.8
259,ParLight,Generic Dimmer,Generic Dimmer,1ch,0,0,-5.4m,8.77m,-1.65m,-85.18°,-2.17°,-90.2°,-5.398,8.769,1.649,4.82,177.83,269.8
311,ParLight,Generic Dimmer,Generic Dimmer,1ch,0,0,-5.14m,8.77m,-1.65m,-85.18°,-2.17°,-90.2°,-5.138,8.769,1.649,4.82,177.83,269.8
363,ParLight,Generic Dimmer,Generic Dimmer,1ch,0,0,-4.1m,8.77m,-1.65m,-85.18°,-2.17°,-90.2°,-4.099,8.769,1.649,4.82,177.83,269.8
415,ParLight,Generic Dimmer,Generic Dimmer,1ch,0,0,-3.83m,8.77m,-1.65m,-85.18°,-2.17°,-90.2°,-3.832,8.769,1.649,4.82,177.83,269.8
467,ParLight,Generic Dimmer,Generic Dimmer,1ch,0,0,-3.57m,8.77m,-1.65m,-85.18°,-2.17°,-90.2°,-3.572,8.769,1.649,4.82,177.83,269.8
519,ParLight,Generic Dimmer,Generic Dimmer,1ch,0,0,-2.58m,8.77m,-1.65m,-85.18°,-2.17°,-90.2°,-2.575,8.769,1.649,4.82,177.83,269.8
571,ParLight,Generic Dimmer,Generic Dimmer,1ch,0,0,-2.31m,8.77m,-1.65m,-85.18°,-2.17°,-90.2°,-2.308,8.769,1.649,4.82,177.83,269.8
623,ParLight,Generic Dimmer,Generic Dimmer,1ch,0,0,-2.05m,8.77m,-1.65m,-85.18°,-2.17°,-90.2°,-2.048,8.769,1.649,4.82,177.83,269.8
675,ParLight,Generic Dimmer,Generic Dimmer,1ch,0,0,-1.03m,8.77m,-1.65m,-85.18°,-2.17°,-90.2°,-1.034,8.769,1.649,4.82,177.83,269.8
727,ParLight,Generic Dimmer,Generic Dimmer,1ch,0,0,-0.77m,8.77m,-1.65m,-85.18°,-2.17°,-90.2°,-0.767,8.769,1.649,4.82,177.83,269.8
779,ParLight,Generic Dimmer,Generic Dimmer,1ch,0,0,-0.51m,8.77m,-1.65m,-85.18°,-2.17°,-90.2°,-0.507,8.769,1.649,4.82,177.83,269.8
831,ParLight,Generic Dimmer,Generic Dimmer,1ch,0,0,0.52m,8.77m,-1.65m,-85.18°,-2.17°,-90.2°,0.518,8.769,1.649,4.82,177.83,269.8
883,ParLight,Generic Dimmer,Generic Dimmer,1ch,0,0,0.78m,8.77m,-1.65m,-85.18°,-2.17°,-90.2°,0.785,8.769,1.649,4.82,177.83,269.8
935,ParLight,Generic Dimmer,Generic Dimmer,1ch,0,0,1.04m,8.77m,-1.65m,-85.18°,-2.17°,-90.2°,1.045,8.769,1.649,4.82,177.83,269.8
987,ParLight,Generic Dimmer,Generic Dimmer,1ch,0,0,2.1m,8.77m,-1.65m,-85.18°,-2.17°,-90.2°,2.104,8.769,1.649,4.82,177.83,269.8
1039,ParLight,Generic Dimmer,Generic Dimmer,1ch,0,0,2.37m,8.77m,-1.65m,-85.18°,-2.17°,-90.2°,2.371,8.769,1.649,4.82,177.83,269.8
1091,ParLight,Generic Dimmer,Generic Dimmer,1ch,0,0,2.63m,8.77m,-1.65m,-85.18°,-2.17°,-90.2°,2.631,8.769,1.649,4.82,177.83,269.8
1143,ParLight,Generic Dimmer,Generic Dimmer,1ch,0,0,3.54m,8.77m,-1.65m,-85.18°,-2.17°,-90.2°,3.545,8.769,1.649,4.82,177.83,269.8
1195,ParLight,Generic Dimmer,Generic Dimmer,1ch,0,0,3.81m,8.77m,-1.65m,-85.18°,-2.17°,-90.2°,3.812,8.769,1.649,4.82,177.83,269.8
1247,ParLight,Generic Dimmer,Generic Dimmer,1ch,0,0,4.07m,8.77m,-1.65m,-85.18°,-2.17°,-90.2°,4.072,8.769,1.649,4.82,177.83,269.8
1299,ParLight,Generic Dimmer,Generic Dimmer,1ch,0,0,5.14m,8.77m,-1.65m,-85.18°,-2.17°,-90.2°,5.138,8.769,1.649,4.82,177.83,269.8
1351,ParLight,Generic Dimmer,Generic Dimmer,1ch,0,0,5.4m,8.77m,-1.65m,-85.18°,-2.17°,-90.2°,5.405,8.769,1.649,4.82,177.83,269.8
1403,ParLight,Generic Dimmer,Generic Dimmer,1ch,0,0,5.66m,8.77m,-1.65m,-85.18°,-2.17°,-90.2°,5.665,8.769,1.649,4.82,177.83,269.8
1455,ParLight,Generic Dimmer,Generic Dimmer,1ch,0,0,6.65m,8.77m,-1.65m,-85.18°,-2.17°,-90.2°,6.653,8.769,1.649,4.82,177.83,269.8
1507,ParLight,Generic Dimmer,Generic Dimmer,1ch,0,0,6.92m,8.77m,-1.65m,-85.18°,-2.17°,-90.2°,6.92,8.769,1.649,4.82,177.83,269.8
1559,ParLight,Generic Dimmer,Generic Dimmer,1ch,0,0,7.18m,8.77m,-1.65m,-85.18°,-2.17°,-90.2°,7.18,8.769,1.649,4.82,177.83,269.8
52,ParLight,Generic Dimmer,Generic Dimmer,1ch,0,0,-7.17m,8.77m,-1.65m,-85.18°,-2.17°,-90.2°,-7.171,8.775,1.649,4.82,177.83,269.8
104,ParLight,Generic Dimmer,Generic Dimmer,1ch,0,0,-6.9m,8.77m,-1.65m,-85.18°,-2.17°,-90.2°,-6.904,8.775,1.649,4.82,177.83,269.8
156,ParLight,Generic Dimmer,Generic Dimmer,1ch,0,0,-6.64m,8.77m,-1.65m,-85.18°,-2.17°,-90.2°,-6.644,8.775,1.649,4.82,177.83,269.8
208,ParLight,Generic Dimmer,Generic Dimmer,1ch,0,0,-5.66m,8.77m,-1.65m,-85.18°,-2.17°,-90.2°,-5.658,8.775,1.649,4.82,177.83,269.8
260,ParLight,Generic Dimmer,Generic Dimmer,1ch,0,0,-5.39m,8.77m,-1.65m,-85.18°,-2.17°,-90.2°,-5.391,8.775,1.649,4.82,177.83,269.8
312,ParLight,Generic Dimmer,Generic Dimmer,1ch,0,0,-5.13m,8.77m,-1.65m,-85.18°,-2.17°,-90.2°,-5.131,8.775,1.649,4.82,177.83,269.8
364,ParLight,Generic Dimmer,Generic Dimmer,1ch,0,0,-4.09m,8.77m,-1.65m,-85.18°,-2.17°,-90.2°,-4.092,8.775,1.649,4.82,177.83,269.8
416,ParLight,Generic Dimmer,Generic Dimmer,1ch,0,0,-3.83m,8.77m,-1.65m,-85.18°,-2.17°,-90.2°,-3.825,8.775,1.649,4.82,177.83,269.8
468,ParLight,Generic Dimmer,Generic Dimmer,1ch,0,0,-3.57m,8.77m,-1.65m,-85.18°,-2.17°,-90.2°,-3.565,8.775,1.649,4.82,177.83,269.8
520,ParLight,Generic Dimmer,Generic Dimmer,1ch,0,0,-2.57m,8.77m,-1.65m,-85.18°,-2.17°,-90.2°,-2.568,8.775,1.649,4.82,177.83,269.8
572,ParLight,Generic Dimmer,Generic Dimmer,1ch,0,0,-2.3m,8.77m,-1.65m,-85.18°,-2.17°,-90.2°,-2.301,8.775,1.649,4.82,177.83,269.8
624,ParLight,Generic Dimmer,Generic Dimmer,1ch,0,0,-2.04m,8.77m,-1.65m,-85.18°,-2.17°,-90.2°,-2.041,8.775,1.649,4.82,177.83,269.8
676,ParLight,Generic Dimmer,Generic Dimmer,1ch,0,0,-1.03m,8.77m,-1.65m,-85.18°,-2.17°,-90.2°,-1.027,8.775,1.649,4.82,177.83,269.8
728,ParLight,Generic Dimmer,Generic Dimmer,1ch,0,0,-0.76m,8.77m,-1.65m,-85.18°,-2.17°,-90.2°,-0.76,8.775,1.649,4.82,177.83,269.8
780,ParLight,Generic Dimmer,Generic Dimmer,1ch,0,0,-0.5m,8.77m,-1.65m,-85.18°,-2.17°,-90.2°,-0.5,8.775,1.649,4.82,177.83,269.8
832,ParLight,Generic Dimmer,Generic Dimmer,1ch,0,0,0.52m,8.77m,-1.65m,-85.18°,-2.17°,-90.2°,0.525,8.775,1.649,4.82,177.83,269.8
884,ParLight,Generic Dimmer,Generic Dimmer,1ch,0,0,0.79m,8.77m,-1.65m,-85.18°,-2.17°,-90.2°,0.792,8.775,1.649,4.82,177.83,269.8
936,ParLight,Generic Dimmer,Generic Dimmer,1ch,0,0,1.05m,8.77m,-1.65m,-85.18°,-2.17°,-90.2°,1.052,8.775,1.649,4.82,177.83,269.8
988,ParLight,Generic Dimmer,Generic Dimmer,1ch,0,0,2.11m,8.77m,-1.65m,-85.18°,-2.17°,-90.2°,2.111,8.775,1.649,4.82,177.83,269.8
1040,ParLight,Generic Dimmer,Generic Dimmer,1ch,0,0,2.38m,8.77m,-1.65m,-85.18°,-2.17°,-90.2°,2.378,8.775,1.649,4.82,177.83,269.8
1092,ParLight,Generic Dimmer,Generic Dimmer,1ch,0,0,2.64m,8.77m,-1.65m,-85.18°,-2.17°,-90.2°,2.638,8.775,1.649,4.82,177.83,269.8
1144,ParLight,Generic Dimmer,Generic Dimmer,1ch,0,0,3.55m,8.77m,-1.65m,-85.18°,-2.17°,-90.2°,3.552,8.775,1.649,4.82,177.83,269.8
1196,ParLight,Generic Dimmer,Generic Dimmer,1ch,0,0,3.82m,8.77m,-1.65m,-85.18°,-2.17°,-90.2°,3.819,8.775,1.649,4.82,177.83,269.8
1248,ParLight,Generic Dimmer,Generic Dimmer,1ch,0,0,4.08m,8.77m,-1.65m,-85.18°,-2.17°,-90.2°,4.079,8.775,1.649,4.82,177.83,269.8
1300,ParLight,Generic Dimmer,Generic Dimmer,1ch,0,0,5.14m,8.77m,-1.65m,-85.18°,-2.17°,-90.2°,5.145,8.775,1.649,4.82,177.83,269.8
1352,ParLight,Generic Dimmer,Generic Dimmer,1ch,0,0,5.41m,8.77m,-1.65m,-85.18°,-2.17°,-90.2°,5.412,8.775,1.649,4.82,177.83,269.8
1404,ParLight,Generic Dimmer,Generic Dimmer,1ch,0,0,5.67m,8.77m,-1.65m,-85.18°,-2.17°,-90.2°,5.672,8.775,1.649,4.82,177.83,269.8
1456,ParLight,Generic Dimmer,Generic Dimmer,1ch,0,0,6.66m,8.77m,-1.65m,-85.18°,-2.17°,-90.2°,6.66,8.775,1.649,4.82,177.83,269.8
1508,ParLight,Generic Dimmer,Generic Dimmer,1ch,0,0,6.93m,8.77m,-1.65m,-85.18°,-2.17°,-90.2°,6.927,8.775,1.649,4.82,177.83,269.8
1560,ParLight,Generic Dimmer,Generic Dimmer,1ch,0,0,7.19m,8.77m,-1.65m,-85.18°,-2.17°,-90.2°,7.187,8.775,1.649,4.82,177.83,269.8
53,ParLight,Generic Dimmer,Generic Dimmer,1ch,0,0,-7.16m,8.74m,-1.69m,-179.97°,90°,0°,-7.16,8.742,1.685,270.03,270,0
105,ParLight,Generic Dimmer,Generic Dimmer,1ch,0,0,-6.89m,8.74m,-1.69m,-179.97°,90°,0°,-6.893,8.742,1.685,270.03,270,0
157,ParLight,Generic Dimmer,Generic Dimmer,1ch,0,0,-6.63m,8.74m,-1.69m,-179.97°,90°,0°,-6.633,8.742,1.685,270.03,270,0
209,ParLight,Generic Dimmer,Generic Dimmer,1ch,0,0,-5.65m,8.74m,-1.69m,-179.97°,90°,0°,-5.647,8.742,1.685,270.03,270,0
261,ParLight,Generic Dimmer,Generic Dimmer,1ch,0,0,-5.38m,8.74m,-1.69m,-179.97°,90°,0°,-5.38,8.742,1.685,270.03,270,0
313,ParLight,Generic Dimmer,Generic Dimmer,1ch,0,0,-5.12m,8.74m,-1.69m,-179.97°,90°,0°,-5.12,8.742,1.685,270.03,270,0
365,ParLight,Generic Dimmer,Generic Dimmer,1ch,0,0,-4.08m,8.74m,-1.69m,-179.97°,90°,0°,-4.081,8.742,1.685,270.03,270,0
417,ParLight,Generic Dimmer,Generic Dimmer,1ch,0,0,-3.81m,8.74m,-1.69m,-179.97°,90°,0°,-3.814,8.742,1.685,270.03,270,0
469,ParLight,Generic Dimmer,Generic Dimmer,1ch,0,0,-3.55m,8.74m,-1.69m,-179.97°,90°,0°,-3.554,8.742,1.685,270.03,270,0
521,ParLight,Generic Dimmer,Generic Dimmer,1ch,0,0,-2.56m,8.74m,-1.69m,-179.97°,90°,0°,-2.557,8.742,1.685,270.03,270,0
573,ParLight,Generic Dimmer,Generic Dimmer,1ch,0,0,-2.29m,8.74m,-1.69m,-179.97°,90°,0°,-2.29,8.742,1.685,270.03,270,0
625,ParLight,Generic Dimmer,Generic Dimmer,1ch,0,0,-2.03m,8.74m,-1.69m,-179.97°,90°,0°,-2.03,8.742,1.685,270.03,270,0
677,ParLight,Generic Dimmer,Generic Dimmer,1ch,0,0,-1.02m,8.74m,-1.69m,-179.97°,90°,0°,-1.016,8.742,1.685,270.03,270,0
729,ParLight,Generic Dimmer,Generic Dimmer,1ch,0,0,-0.75m,8.74m,-1.69m,-179.97°,90°,0°,-0.749,8.742,1.685,270.03,270,0
781,ParLight,Generic Dimmer,Generic Dimmer,1ch,0,0,-0.49m,8.74m,-1.69m,-179.97°,90°,0°,-0.489,8.742,1.685,270.03,270,0
833,ParLight,Generic Dimmer,Generic Dimmer,1ch,0,0,0.54m,8.74m,-1.69m,-179.97°,90°,0°,0.536,8.742,1.685,270.03,270,0
885,ParLight,Generic Dimmer,Generic Dimmer,1ch,0,0,0.8m,8.74m,-1.69m,-179.97°,90°,0°,0.803,8.742,1.685,270.03,270,0
937,ParLight,Generic Dimmer,Generic Dimmer,1ch,0,0,1.06m,8.74m,-1.69m,-179.97°,90°,0°,1.063,8.742,1.685,270.03,270,0
989,ParLight,Generic Dimmer,Generic Dimmer,1ch,0,0,2.12m,8.74m,-1.69m,-179.97°,90°,0°,2.122,8.742,1.685,270.03,270,0
1041,ParLight,Generic Dimmer,Generic Dimmer,1ch,0,0,2.39m,8.74m,-1.69m,-179.97°,90°,0°,2.389,8.742,1.685,270.03,270,0
1093,ParLight,Generic Dimmer,Generic Dimmer,1ch,0,0,2.65m,8.74m,-1.69m,-179.97°,90°,0°,2.649,8.742,1.685,270.03,270,0
1145,ParLight,Generic Dimmer,Generic Dimmer,1ch,0,0,3.56m,8.74m,-1.69m,-179.97°,90°,0°,3.563,8.742,1.685,270.03,270,0
1197,ParLight,Generic Dimmer,Generic Dimmer,1ch,0,0,3.83m,8.74m,-1.69m,-179.97°,90°,0°,3.83,8.742,1.685,270.03,270,0
1249,ParLight,Generic Dimmer,Generic Dimmer,1ch,0,0,4.09m,8.74m,-1.69m,-179.97°,90°,0°,4.09,8.742,1.685,270.03,270,0
1301,ParLight,Generic Dimmer,Generic Dimmer,1ch,0,0,5.16m,8.74m,-1.69m,-179.97°,90°,0°,5.156,8.742,1.685,270.03,270,0
1353,ParLight,Generic Dimmer,Generic Dimmer,1ch,0,0,5.42m,8.74m,-1.69m,-179.97°,90°,0°,5.423,8.742,1.685,270.03,270,0
1405,ParLight,Generic Dimmer,Generic Dimmer,1ch,0,0,5.68m,8.74m,-1.69m,-179.97°,90°,0°,5.683,8.742,1.685,270.03,270,0
1457,ParLight,Generic Dimmer,Generic Dimmer,1ch,0,0,6.67m,8.74m,-1.69m,-179.97°,90°,0°,6.671,8.742,1.685,270.03,270,0
1509,ParLight,Generic Dimmer,Generic Dimmer,1ch,0,0,6.94m,8.74m,-1.69m,-179.97°,90°,0°,6.938,8.742,1.685,270.03,270,0
1561,ParLight,Generic Dimmer,Generic Dimmer,1ch,0,0,7.2m,8.74m,-1.69m,-179.97°,90°,0°,7.198,8.742,1.685,270.03,270,0
16,ParLight,Generic Dimmer,Generic Dimmer,1ch,0,0,-7.16m,8.74m,-1.62m,-179.98°,90°,0°,-7.163,8.743,1.617,270.02,270,0
68,ParLight,Generic Dimmer,Generic Dimmer,1ch,0,0,-6.9m,8.74m,-1.62m,-179.98°,90°,0°,-6.896,8.743,1.617,270.02,270,0
120,ParLight,Generic Dimmer,Generic Dimmer,1ch,0,0,-6.64m,8.74m,-1.62m,-179.98°,90°,0°,-6.636,8.743,1.617,270.02,270,0
172,ParLight,Generic Dimmer,Generic Dimmer,1ch,0,0,-5.65m,8.74m,-1.62m,-179.98°,90°,0°,-5.65,8.743,1.617,270.02,270,0
224,ParLight,Generic Dimmer,Generic Dimmer,1ch,0,0,-5.38m,8.74m,-1.62m,-179.98°,90°,0°,-5.383,8.743,1.617,270.02,270,0
276,ParLight,Generic Dimmer,Generic Dimmer,1ch,0,0,-5.12m,8.74m,-1.62m,-179.98°,90°,0°,-5.123,8.743,1.617,270.02,270,0
328,ParLight,Generic Dimmer,Generic Dimmer,1ch,0,0,-4.08m,8.74m,-1.62m,-179.98°,90°,0°,-4.084,8.743,1.617,270.02,270,0
380,ParLight,Generic Dimmer,Generic Dimmer,1ch,0,0,-3.82m,8.74m,-1.62m,-179.98°,90°,0°,-3.817,8.743,1.617,270.02,270,0
432,ParLight,Generic Dimmer,Generic Dimmer,1ch,0,0,-3.56m,8.74m,-1.62m,-179.98°,90°,0°,-3.557,8.743,1.617,270.02,270,0
484,ParLight,Generic Dimmer,Generic Dimmer,1ch,0,0,-2.56m,8.74m,-1.62m,-179.98°,90°,0°,-2.56,8.743,1.617,270.02,270,0
536,ParLight,Generic Dimmer,Generic Dimmer,1ch,0,0,-2.29m,8.74m,-1.62m,-179.98°,90°,0°,-2.293,8.743,1.617,270.02,270,0
588,ParLight,Generic Dimmer,Generic Dimmer,1ch,0,0,-2.03m,8.74m,-1.62m,-179.98°,90°,0°,-2.033,8.743,1.617,270.02,270,0
640,ParLight,Generic Dimmer,Generic Dimmer,1ch,0,0,-1.02m,8.74m,-1.62m,-179.98°,90°,0°,-1.019,8.743,1.617,270.02,270,0
692,ParLight,Generic Dimmer,Generic Dimmer,1ch,0,0,-0.75m,8.74m,-1.62m,-179.98°,90°,0°,-0.752,8.743,1.617,270.02,270,0
744,ParLight,Generic Dimmer,Generic Dimmer,1ch,0,0,-0.49m,8.74m,-1.62m,-179.98°,90°,0°,-0.492,8.743,1.617,270.02,270,0
796,ParLight,Generic Dimmer,Generic Dimmer,1ch,0,0,0.53m,8.74m,-1.62m,-179.98°,90°,0°,0.533,8.743,1.617,270.02,270,0
848,ParLight,Generic Dimmer,Generic Dimmer,1ch,0,0,0.8m,8.74m,-1.62m,-179.98°,90°,0°,0.8,8.743,1.617,270.02,270,0
900,ParLight,Generic Dimmer,Generic Dimmer,1ch,0,0,1.06m,8.74m,-1.62m,-179.98°,90°,0°,1.06,8.743,1.617,270.02,270,0
952,ParLight,Generic Dimmer,Generic Dimmer,1ch,0,0,2.12m,8.74m,-1.62m,-179.98°,90°,0°,2.119,8.743,1.617,270.02,270,0
1004,ParLight,Generic Dimmer,Generic Dimmer,1ch,0,0,2.39m,8.74m,-1.62m,-179.98°,90°,0°,2.386,8.743,1.617,270.02,270,0
1056,ParLight,Generic Dimmer,Generic Dimmer,1ch,0,0,2.65m,8.74m,-1.62m,-179.98°,90°,0°,2.646,8.743,1.617,270.02,270,0
1108,ParLight,Generic Dimmer,Generic Dimmer,1ch,0,0,3.56m,8.74m,-1.62m,-179.98°,90°,0°,3.56,8.743,1.617,270.02,270,0
1160,ParLight,Generic Dimmer,Generic Dimmer,1ch,0,0,3.83m,8.74m,-1.62m,-179.98°,90°,0°,3.827,8.743,1.617,270.02,270,0
1212,ParLight,Generic Dimmer,Generic Dimmer,1ch,0,0,4.09m,8.74m,-1.62m,-179.98°,90°,0°,4.087,8.743,1.617,270.02,270,0
1264,ParLight,Generic Dimmer,Generic Dimmer,1ch,0,0,5.15m,8.74m,-1.62m,-179.98°,90°,0°,5.153,8.743,1.617,270.02,270,0
1316,ParLight,Generic Dimmer,Generic Dimmer,1ch,0,0,5.42m,8.74m,-1.62m,-179.98°,90°,0°,5.42,8.743,1.617,270.02,270,0
1368,ParLight,Generic Dimmer,Generic Dimmer,1ch,0,0,5.68m,8.74m,-1.62m,-179.98°,90°,0°,5.68,8.743,1.617,270.02,270,0
1420,ParLight,Generic Dimmer,Generic Dimmer,1ch,0,0,6.67m,8.74m,-1.62m,-179.98°,90°,0°,6.668,8.743,1.617,270.02,270,0
1472,ParLight,Generic Dimmer,Generic Dimmer,1ch,0,0,6.94m,8.74m,-1.62m,-179.98°,90°,0°,6.935,8.743,1.617,270.02,270,0
1524,ParLight,Generic Dimmer,Generic Dimmer,1ch,0,0,7.2m,8.74m,-1.62m,-179.98°,90°,0°,7.195,8.743,1.617,270.02,270,0
17,ParLight,Generic Dimmer,Generic Dimmer,1ch,0,0,-7.16m,8.74m,-1.62m,-179.98°,90°,0°,-7.163,8.743,1.617,270.02,270,0
69,ParLight,Generic Dimmer,Generic Dimmer,1ch,0,0,-6.9m,8.74m,-1.62m,-179.98°,90°,0°,-6.896,8.743,1.617,270.02,270,0
121,ParLight,Generic Dimmer,Generic Dimmer,1ch,0,0,-6.64m,8.74m,-1.62m,-179.98°,90°,0°,-6.636,8.743,1.617,270.02,270,0
173,ParLight,Generic Dimmer,Generic Dimmer,1ch,0,0,-5.65m,8.74m,-1.62m,-179.98°,90°,0°,-5.65,8.743,1.617,270.02,270,0
225,ParLight,Generic Dimmer,Generic Dimmer,1ch,0,0,-5.38m,8.74m,-1.62m,-179.98°,90°,0°,-5.383,8.743,1.617,270.02,270,0
277,ParLight,Generic Dimmer,Generic Dimmer,1ch,0,0,-5.12m,8.74m,-1.62m,-179.98°,90°,0°,-5.123,8.743,1.617,270.02,270,0
329,ParLight,Generic Dimmer,Generic Dimmer,1ch,0,0,-4.08m,8.74m,-1.62m,-179.98°,90°,0°,-4.084,8.743,1.617,270.02,270,0
381,ParLight,Generic Dimmer,Generic Dimmer,1ch,0,0,-3.82m,8.74m,-1.62m,-179.98°,90°,0°,-3.817,8.743,1.617,270.02,270,0
433,ParLight,Generic Dimmer,Generic Dimmer,1ch,0,0,-3.56m,8.74m,-1.62m,-179.98°,90°,0°,-3.557,8.743,1.617,270.02,270,0
485,ParLight,Generic Dimmer,Generic Dimmer,1ch,0,0,-2.56m,8.74m,-1.62m,-179.98°,90°,0°,-2.56,8.743,1.617,270.02,270,0
537,ParLight,Generic Dimmer,Generic Dimmer,1ch,0,0,-2.29m,8.74m,-1.62m,-179.98°,90°,0°,-2.293,8.743,1.617,270.02,270,0
589,ParLight,Generic Dimmer,Generic Dimmer,1ch,0,0,-2.03m,8.74m,-1.62m,-179.98°,90°,0°,-2.033,8.743,1.617,270.02,270,0
641,ParLight,Generic Dimmer,Generic Dimmer,1ch,0,0,-1.02m,8.74m,-1.62m,-179.98°,90°,0°,-1.019,8.743,1.617,270.02,270,0
693,ParLight,Generic Dimmer,Generic Dimmer,1ch,0,0,-0.75m,8.74m,-1.62m,-179.98°,90°,0°,-0.752,8.743,1.617,270.02,270,0
745,ParLight,Generic Dimmer,Generic Dimmer,1ch,0,0,-0.49m,8.74m,-1.62m,-179.98°,90°,0°,-0.492,8.743,1.617,270.02,270,0
797,ParLight,Generic Dimmer,Generic Dimmer,1ch,0,0,0.53m,8.74m,-1.62m,-179.98°,90°,0°,0.533,8.743,1.617,270.02,270,0
849,ParLight,Generic Dimmer,Generic Dimmer,1ch,0,0,0.8m,8.74m,-1.62m,-179.98°,90°,0°,0.8,8.743,1.617,270.02,270,0
901,ParLight,Generic Dimmer,Generic Dimmer,1ch,0,0,1.06m,8.74m,-1.62m,-179.98°,90°,0°,1.06,8.743,1.617,270.02,270,0
953,ParLight,Generic Dimmer,Generic Dimmer,1ch,0,0,2.12m,8.74m,-1.62m,-179.98°,90°,0°,2.119,8.743,1.617,270.02,270,0
1005,ParLight,Generic Dimmer,Generic Dimmer,1ch,0,0,2.39m,8.74m,-1.62m,-179.98°,90°,0°,2.386,8.743,1.617,270.02,270,0
1057,ParLight,Generic Dimmer,Generic Dimmer,1ch,0,0,2.65m,8.74m,-1.62m,-179.98°,90°,0°,2.646,8.743,1.617,270.02,270,0
1109,ParLight,Generic Dimmer,Generic Dimmer,1ch,0,0,3.56m,8.74m,-1.62m,-179.98°,90°,0°,3.56,8.743,1.617,270.02,270,0
1161,ParLight,Generic Dimmer,Generic Dimmer,1ch,0,0,3.83m,8.74m,-1.62m,-179.98°,90°,0°,3.827,8.743,1.617,270.02,270,0
1213,ParLight,Generic Dimmer,Generic Dimmer,1ch,0,0,4.09m,8.74m,-1.62m,-179.98°,90°,0°,4.087,8.743,1.617,270.02,270,0
1265,ParLight,Generic Dimmer,Generic Dimmer,1ch,0,0,5.15m,8.74m,-1.62m,-179.98°,90°,0°,5.153,8.743,1.617,270.02,270,0
1317,ParLight,Generic Dimmer,Generic Dimmer,1ch,0,0,5.42m,8.74m,-1.62m,-179.98°,90°,0°,5.42,8.743,1.617,270.02,270,0
1369,ParLight,Generic Dimmer,Generic Dimmer,1ch,0,0,5.68m,8.74m,-1.62m,-179.98°,90°,0°,5.68,8.743,1.617,270.02,270,0
1421,ParLight,Generic Dimmer,Generic Dimmer,1ch,0,0,6.67m,8.74m,-1.62m,-179.98°,90°,0°,6.668,8.743,1.617,270.02,270,0
1473,ParLight,Generic Dimmer,Generic Dimmer,1ch,0,0,6.94m,8.74m,-1.62m,-179.98°,90°,0°,6.935,8.743,1.617,270.02,270,0
1525,ParLight,Generic Dimmer,Generic Dimmer,1ch,0,0,7.2m,8.74m,-1.62m,-179.98°,90°,0°,7.195,8.743,1.617,270.02,270,0
18,ParLight,Generic Dimmer,Generic Dimmer,1ch,0,0,-7.16m,8.74m,-1.62m,-179.98°,90°,0°,-7.163,8.743,1.617,270.02,270,0
70,ParLight,Generic Dimmer,Generic Dimmer,1ch,0,0,-6.9m,8.74m,-1.62m,-179.98°,90°,0°,-6.896,8.743,1.617,270.02,270,0
122,ParLight,Generic Dimmer,Generic Dimmer,1ch,0,0,-6.64m,8.74m,-1.62m,-179.98°,90°,0°,-6.636,8.743,1.617,270.02,270,0
174,ParLight,Generic Dimmer,Generic Dimmer,1ch,0,0,-5.65m,8.74m,-1.62m,-179.98°,90°,0°,-5.65,8.743,1.617,270.02,270,0
226,ParLight,Generic Dimmer,Generic Dimmer,1ch,0,0,-5.38m,8.74m,-1.62m,-179.98°,90°,0°,-5.383,8.743,1.617,270.02,270,0
278,ParLight,Generic Dimmer,Generic Dimmer,1ch,0,0,-5.12m,8.74m,-1.62m,-179.98°,90°,0°,-5.123,8.743,1.617,270.02,270,0
330,ParLight,Generic Dimmer,Generic Dimmer,1ch,0,0,-4.08m,8.74m,-1.62m,-179.98°,90°,0°,-4.084,8.743,1.617,270.02,270,0
382,ParLight,Generic Dimmer,Generic Dimmer,1ch,0,0,-3.82m,8.74m,-1.62m,-179.98°,90°,0°,-3.817,8.743,1.617,270.02,270,0
434,ParLight,Generic Dimmer,Generic Dimmer,1ch,0,0,-3.56m,8.74m,-1.62m,-179.98°,90°,0°,-3.557,8.743,1.617,270.02,270,0
486,ParLight,Generic Dimmer,Generic Dimmer,1ch,0,0,-2.56m,8.74m,-1.62m,-179.98°,90°,0°,-2.56,8.743,1.617,270.02,270,0
538,ParLight,Generic Dimmer,Generic Dimmer,1ch,0,0,-2.29m,8.74m,-1.62m,-179.98°,90°,0°,-2.293,8.743,1.617,270.02,270,0
590,ParLight,Generic Dimmer,Generic Dimmer,1ch,0,0,-2.03m,8.74m,-1.62m,-179.98°,90°,0°,-2.033,8.743,1.617,270.02,270,0
642,ParLight,Generic Dimmer,Generic Dimmer,1ch,0,0,-1.02m,8.74m,-1.62m,-179.98°,90°,0°,-1.019,8.743,1.617,270.02,270,0
694,ParLight,Generic Dimmer,Generic Dimmer,1ch,0,0,-0.75m,8.74m,-1.62m,-179.98°,90°,0°,-0.752,8.743,1.617,270.02,270,0
746,ParLight,Generic Dimmer,Generic Dimmer,1ch,0,0,-0.49m,8.74m,-1.62m,-179.98°,90°,0°,-0.492,8.743,1.617,270.02,270,0
798,ParLight,Generic Dimmer,Generic Dimmer,1ch,0,0,0.53m,8.74m,-1.62m,-179.98°,90°,0°,0.533,8.743,1.617,270.02,270,0
850,ParLight,Generic Dimmer,Generic Dimmer,1ch,0,0,0.8m,8.74m,-1.62m,-179.98°,90°,0°,0.8,8.743,1.617,270.02,270,0
902,ParLight,Generic Dimmer,Generic Dimmer,1ch,0,0,1.06m,8.74m,-1.62m,-179.98°,90°,0°,1.06,8.743,1.617,270.02,270,0
954,ParLight,Generic Dimmer,Generic Dimmer,1ch,0,0,2.12m,8.74m,-1.62m,-179.98°,90°,0°,2.119,8.743,1.617,270.02,270,0
1006,ParLight,Generic Dimmer,Generic Dimmer,1ch,0,0,2.39m,8.74m,-1.62m,-179.98°,90°,0°,2.386,8.743,1.617,270.02,270,0
1058,ParLight,Generic Dimmer,Generic Dimmer,1ch,0,0,2.65m,8.74m,-1.62m,-179.98°,90°,0°,2.646,8.743,1.617,270.02,270,0
1110,ParLight,Generic Dimmer,Generic Dimmer,1ch,0,0,3.56m,8.74m,-1.62m,-179.98°,90°,0°,3.56,8.743,1.617,270.02,270,0
1162,ParLight,Generic Dimmer,Generic Dimmer,1ch,0,0,3.83m,8.74m,-1.62m,-179.98°,90°,0°,3.827,8.743,1.617,270.02,270,0
1214,ParLight,Generic Dimmer,Generic Dimmer,1ch,0,0,4.09m,8.74m,-1.62m,-179.98°,90°,0°,4.087,8.743,1.617,270.02,270,0
1266,ParLight,Generic Dimmer,Generic Dimmer,1ch,0,0,5.15m,8.74m,-1.62m,-179.98°,90°,0°,5.153,8.743,1.617,270.02,270,0
1318,ParLight,Generic Dimmer,Generic Dimmer,1ch,0,0,5.42m,8.74m,-1.62m,-179.98°,90°,0°,5.42,8.743,1.617,270.02,270,0
1370,ParLight,Generic Dimmer,Generic Dimmer,1ch,0,0,5.68m,8.74m,-1.62m,-179.98°,90°,0°,5.68,8.743,1.617,270.02,270,0
1422,ParLight,Generic Dimmer,Generic Dimmer,1ch,0,0,6.67m,8.74m,-1.62m,-179.98°,90°,0°,6.668,8.743,1.617,270.02,270,0
1474,ParLight,Generic Dimmer,Generic Dimmer,1ch,0,0,6.94m,8.74m,-1.62m,-179.98°,90°,0°,6.935,8.743,1.617,270.02,270,0
1526,ParLight,Generic Dimmer,Generic Dimmer,1ch,0,0,7.2m,8.74m,-1.62m,-179.98°,90°,0°,7.195,8.743,1.617,270.02,270,0
19,ParLight,Generic Dimmer,Generic Dimmer,1ch,0,0,-7.16m,8.74m,-1.62m,-179.98°,90°,0°,-7.163,8.743,1.617,270.02,270,0
71,ParLight,Generic Dimmer,Generic Dimmer,1ch,0,0,-6.9m,8.74m,-1.62m,-179.98°,90°,0°,-6.896,8.743,1.617,270.02,270,0
123,ParLight,Generic Dimmer,Generic Dimmer,1ch,0,0,-6.64m,8.74m,-1.62m,-179.98°,90°,0°,-6.636,8.743,1.617,270.02,270,0
175,ParLight,Generic Dimmer,Generic Dimmer,1ch,0,0,-5.65m,8.74m,-1.62m,-179.98°,90°,0°,-5.65,8.743,1.617,270.02,270,0
227,ParLight,Generic Dimmer,Generic Dimmer,1ch,0,0,-5.38m,8.74m,-1.62m,-179.98°,90°,0°,-5.383,8.743,1.617,270.02,270,0
279,ParLight,Generic Dimmer,Generic Dimmer,1ch,0,0,-5.12m,8.74m,-1.62m,-179.98°,90°,0°,-5.123,8.743,1.617,270.02,270,0
331,ParLight,Generic Dimmer,Generic Dimmer,1ch,0,0,-4.08m,8.74m,-1.62m,-179.98°,90°,0°,-4.084,8.743,1.617,270.02,270,0
383,ParLight,Generic Dimmer,Generic Dimmer,1ch,0,0,-3.82m,8.74m,-1.62m,-179.98°,90°,0°,-3.817,8.743,1.617,270.02,270,0
435,ParLight,Generic Dimmer,Generic Dimmer,1ch,0,0,-3.56m,8.74m,-1.62m,-179.98°,90°,0°,-3.557,8.743,1.617,270.02,270,0
487,ParLight,Generic Dimmer,Generic Dimmer,1ch,0,0,-2.56m,8.74m,-1.62m,-179.98°,90°,0°,-2.56,8.743,1.617,270.02,270,0
539,ParLight,Generic Dimmer,Generic Dimmer,1ch,0,0,-2.29m,8.74m,-1.62m,-179.98°,90°,0°,-2.293,8.743,1.617,270.02,270,0
591,ParLight,Generic Dimmer,Generic Dimmer,1ch,0,0,-2.03m,8.74m,-1.62m,-179.98°,90°,0°,-2.033,8.743,1.617,270.02,270,0
643,ParLight,Generic Dimmer,Generic Dimmer,1ch,0,0,-1.02m,8.74m,-1.62m,-179.98°,90°,0°,-1.019,8.743,1.617,270.02,270,0
695,ParLight,Generic Dimmer,Generic Dimmer,1ch,0,0,-0.75m,8.74m,-1.62m,-179.98°,90°,0°,-0.752,8.743,1.617,270.02,270,0
747,ParLight,Generic Dimmer,Generic Dimmer,1ch,0,0,-0.49m,8.74m,-1.62m,-179.98°,90°,0°,-0.492,8.743,1.617,270.02,270,0
799,ParLight,Generic Dimmer,Generic Dimmer,1ch,0,0,0.53m,8.74m,-1.62m,-179.98°,90°,0°,0.533,8.743,1.617,270.02,270,0
851,ParLight,Generic Dimmer,Generic Dimmer,1ch,0,0,0.8m,8.74m,-1.62m,-179.98°,90°,0°,0.8,8.743,1.617,270.02,270,0
903,ParLight,Generic Dimmer,Generic Dimmer,1ch,0,0,1.06m,8.74m,-1.62m,-179.98°,90°,0°,1.06,8.743,1.617,270.02,270,0
955,ParLight,Generic Dimmer,Generic Dimmer,1ch,0,0,2.12m,8.74m,-1.62m,-179.98°,90°,0°,2.119,8.743,1.617,270.02,270,0
1007,ParLight,Generic Dimmer,Generic Dimmer,1ch,0,0,2.39m,8.74m,-1.62m,-179.98°,90°,0°,2.386,8.743,1.617,270.02,270,0
1059,ParLight,Generic Dimmer,Generic Dimmer,1ch,0,0,2.65m,8.74m,-1.62m,-179.98°,90°,0°,2.646,8.743,1.617,270.02,270,0
1111,ParLight,Generic Dimmer,Generic Dimmer,1ch,0,0,3.56m,8.74m,-1.62m,-179.98°,90°,0°,3.56,8.743,1.617,270.02,270,0
1163,ParLight,Generic Dimmer,Generic Dimmer,1ch,0,0,3.83m,8.74m,-1.62m,-179.98°,90°,0°,3.827,8.743,1.617,270.02,270,0
1215,ParLight,Generic Dimmer,Generic Dimmer,1ch,0,0,4.09m,8.74m,-1.62m,-179.98°,90°,0°,4.087,8.743,1.617,270.02,270,0
1267,ParLight,Generic Dimmer,Generic Dimmer,1ch,0,0,5.15m,8.74m,-1.62m,-179.98°,90°,0°,5.153,8.743,1.617,270.02,270,0
1319,ParLight,Generic Dimmer,Generic Dimmer,1ch,0,0,5.42m,8.74m,-1.62m,-179.98°,90°,0°,5.42,8.743,1.617,270.02,270,0
1371,ParLight,Generic Dimmer,Generic Dimmer,1ch,0,0,5.68m,8.74m,-1.62m,-179.98°,90°,0°,5.68,8.743,1.617,270.02,270,0
1423,ParLight,Generic Dimmer,Generic Dimmer,1ch,0,0,6.67m,8.74m,-1.62m,-179.98°,90°,0°,6.668,8.743,1.617,270.02,270,0
1475,ParLight,Generic Dimmer,Generic Dimmer,1ch,0,0,6.94m,8.74m,-1.62m,-179.98°,90°,0°,6.935,8.743,1.617,270.02,270,0
1527,ParLight,Generic Dimmer,Generic Dimmer,1ch,0,0,7.2m,8.74m,-1.62m,-179.98°,90°,0°,7.195,8.743,1.617,270.02,270,0
20,ParLight,Generic Dimmer,Generic Dimmer,1ch,0,0,-7.16m,8.74m,-1.62m,-179.98°,90°,0°,-7.163,8.743,1.617,270.02,270,0
72,ParLight,Generic Dimmer,Generic Dimmer,1ch,0,0,-6.9m,8.74m,-1.62m,-179.98°,90°,0°,-6.896,8.743,1.617,270.02,270,0
124,ParLight,Generic Dimmer,Generic Dimmer,1ch,0,0,-6.64m,8.74m,-1.62m,-179.98°,90°,0°,-6.636,8.743,1.617,270.02,270,0
176,ParLight,Generic Dimmer,Generic Dimmer,1ch,0,0,-5.65m,8.74m,-1.62m,-179.98°,90°,0°,-5.65,8.743,1.617,270.02,270,0
228,ParLight,Generic Dimmer,Generic Dimmer,1ch,0,0,-5.38m,8.74m,-1.62m,-179.98°,90°,0°,-5.383,8.743,1.617,270.02,270,0
280,ParLight,Generic Dimmer,Generic Dimmer,1ch,0,0,-5.12m,8.74m,-1.62m,-179.98°,90°,0°,-5.123,8.743,1.617,270.02,270,0
332,ParLight,Generic Dimmer,Generic Dimmer,1ch,0,0,-4.08m,8.74m,-1.62m,-179.98°,90°,0°,-4.084,8.743,1.617,270.02,270,0
384,ParLight,Generic Dimmer,Generic Dimmer,1ch,0,0,-3.82m,8.74m,-1.62m,-179.98°,90°,0°,-3.817,8.743,1.617,270.02,270,0
436,ParLight,Generic Dimmer,Generic Dimmer,1ch,0,0,-3.56m,8.74m,-1.62m,-179.98°,90°,0°,-3.557,8.743,1.617,270.02,270,0
488,ParLight,Generic Dimmer,Generic Dimmer,1ch,0,0,-2.56m,8.74m,-1.62m,-179.98°,90°,0°,-2.56,8.743,1.617,270.02,270,0
540,ParLight,Generic Dimmer,Generic Dimmer,1ch,0,0,-2.29m,8.74m,-1.62m,-179.98°,90°,0°,-2.293,8.743,1.617,270.02,270,0
592,ParLight,Generic Dimmer,Generic Dimmer,1ch,0,0,-2.03m,8.74m,-1.62m,-179.98°,90°,0°,-2.033,8.743,1.617,270.02,270,0
644,ParLight,Generic Dimmer,Generic Dimmer,1ch,0,0,-1.02m,8.74m,-1.62m,-179.98°,90°,0°,-1.019,8.743,1.617,270.02,270,0
696,ParLight,Generic Dimmer,Generic Dimmer,1ch,0,0,-0.75m,8.74m,-1.62m,-179.98°,90°,0°,-0.752,8.743,1.617,270.02,270,0
748,ParLight,Generic Dimmer,Generic Dimmer,1ch,0,0,-0.49m,8.74m,-1.62m,-179.98°,90°,0°,-0.492,8.743,1.617,270.02,270,0
800,ParLight,Generic Dimmer,Generic Dimmer,1ch,0,0,0.53m,8.74m,-1.62m,-179.98°,90°,0°,0.533,8.743,1.617,270.02,270,0
852,ParLight,Generic Dimmer,Generic Dimmer,1ch,0,0,0.8m,8.74m,-1.62m,-179.98°,90°,0°,0.8,8.743,1.617,270.02,270,0
904,ParLight,Generic Dimmer,Generic Dimmer,1ch,0,0,1.06m,8.74m,-1.62m,-179.98°,90°,0°,1.06,8.743,1.617,270.02,270,0
956,ParLight,Generic Dimmer,Generic Dimmer,1ch,0,0,2.12m,8.74m,-1.62m,-179.98°,90°,0°,2.119,8.743,1.617,270.02,270,0
1008,ParLight,Generic Dimmer,Generic Dimmer,1ch,0,0,2.39m,8.74m,-1.62m,-179.98°,90°,0°,2.386,8.743,1.617,270.02,270,0
1060,ParLight,Generic Dimmer,Generic Dimmer,1ch,0,0,2.65m,8.74m,-1.62m,-179.98°,90°,0°,2.646,8.743,1.617,270.02,270,0
1112,ParLight,Generic Dimmer,Generic Dimmer,1ch,0,0,3.56m,8.74m,-1.62m,-179.98°,90°,0°,3.56,8.743,1.617,270.02,270,0
1164,ParLight,Generic Dimmer,Generic Dimmer,1ch,0,0,3.83m,8.74m,-1.62m,-179.98°,90°,0°,3.827,8.743,1.617,270.02,270,0
1216,ParLight,Generic Dimmer,Generic Dimmer,1ch,0,0,4.09m,8.74m,-1.62m,-179.98°,90°,0°,4.087,8.743,1.617,270.02,270,0
1268,ParLight,Generic Dimmer,Generic Dimmer,1ch,0,0,5.15m,8.74m,-1.62m,-179.98°,90°,0°,5.153,8.743,1.617,270.02,270,0
1320,ParLight,Generic Dimmer,Generic Dimmer,1ch,0,0,5.42m,8.74m,-1.62m,-179.98°,90°,0°,5.42,8.743,1.617,270.02,270,0
1372,ParLight,Generic Dimmer,Generic Dimmer,1ch,0,0,5.68m,8.74m,-1.62m,-179.98°,90°,0°,5.68,8.743,1.617,270.02,270,0
1424,ParLight,Generic Dimmer,Generic Dimmer,1ch,0,0,6.67m,8.74m,-1.62m,-179.98°,90°,0°,6.668,8.743,1.617,270.02,270,0
1476,ParLight,Generic Dimmer,Generic Dimmer,1ch,0,0,6.94m,8.74m,-1.62m,-179.98°,90°,0°,6.935,8.743,1.617,270.02,270,0
1528,ParLight,Generic Dimmer,Generic Dimmer,1ch,0,0,7.2m,8.74m,-1.62m,-179.98°,90°,0°,7.195,8.743,1.617,270.02,270,0
21,ParLight,Generic Dimmer,Generic Dimmer,1ch,0,0,-7.16m,8.74m,-1.62m,-179.98°,90°,0°,-7.163,8.743,1.617,270.02,270,0
73,ParLight,Generic Dimmer,Generic Dimmer,1ch,0,0,-6.9m,8.74m,-1.62m,-179.98°,90°,0°,-6.896,8.743,1.617,270.02,270,0
125,ParLight,Generic Dimmer,Generic Dimmer,1ch,0,0,-6.64m,8.74m,-1.62m,-179.98°,90°,0°,-6.636,8.743,1.617,270.02,270,0
177,ParLight,Generic Dimmer,Generic Dimmer,1ch,0,0,-5.65m,8.74m,-1.62m,-179.98°,90°,0°,-5.65,8.743,1.617,270.02,270,0
229,ParLight,Generic Dimmer,Generic Dimmer,1ch,0,0,-5.38m,8.74m,-1.62m,-179.98°,90°,0°,-5.383,8.743,1.617,270.02,270,0
281,ParLight,Generic Dimmer,Generic Dimmer,1ch,0,0,-5.12m,8.74m,-1.62m,-179.98°,90°,0°,-5.123,8.743,1.617,270.02,270,0
333,ParLight,Generic Dimmer,Generic Dimmer,1ch,0,0,-4.08m,8.74m,-1.62m,-179.98°,90°,0°,-4.084,8.743,1.617,270.02,270,0
385,ParLight,Generic Dimmer,Generic Dimmer,1ch,0,0,-3.82m,8.74m,-1.62m,-179.98°,90°,0°,-3.817,8.743,1.617,270.02,270,0
437,ParLight,Generic Dimmer,Generic Dimmer,1ch,0,0,-3.56m,8.74m,-1.62m,-179.98°,90°,0°,-3.557,8.743,1.617,270.02,270,0
489,ParLight,Generic Dimmer,Generic Dimmer,1ch,0,0,-2.56m,8.74m,-1.62m,-179.98°,90°,0°,-2.56,8.743,1.617,270.02,270,0
541,ParLight,Generic Dimmer,Generic Dimmer,1ch,0,0,-2.29m,8.74m,-1.62m,-179.98°,90°,0°,-2.293,8.743,1.617,270.02,270,0
593,ParLight,Generic Dimmer,Generic Dimmer,1ch,0,0,-2.03m,8.74m,-1.62m,-179.98°,90°,0°,-2.033,8.743,1.617,270.02,270,0
645,ParLight,Generic Dimmer,Generic Dimmer,1ch,0,0,-1.02m,8.74m,-1.62m,-179.98°,90°,0°,-1.019,8.743,1.617,270.02,270,0
697,ParLight,Generic Dimmer,Generic Dimmer,1ch,0,0,-0.75m,8.74m,-1.62m,-179.98°,90°,0°,-0.752,8.743,1.617,270.02,270,0
749,ParLight,Generic Dimmer,Generic Dimmer,1ch,0,0,-0.49m,8.74m,-1.62m,-179.98°,90°,0°,-0.492,8.743,1.617,270.02,270,0
801,ParLight,Generic Dimmer,Generic Dimmer,1ch,0,0,0.53m,8.74m,-1.62m,-179.98°,90°,0°,0.533,8.743,1.617,270.02,270,0
853,ParLight,Generic Dimmer,Generic Dimmer,1ch,0,0,0.8m,8.74m,-1.62m,-179.98°,90°,0°,0.8,8.743,1.617,270.02,270,0
905,ParLight,Generic Dimmer,Generic Dimmer,1ch,0,0,1.06m,8.74m,-1.62m,-179.98°,90°,0°,1.06,8.743,1.617,270.02,270,0
957,ParLight,Generic Dimmer,Generic Dimmer,1ch,0,0,2.12m,8.74m,-1.62m,-179.98°,90°,0°,2.119,8.743,1.617,270.02,270,0
1009,ParLight,Generic Dimmer,Generic Dimmer,1ch,0,0,2.39m,8.74m,-1.62m,-179.98°,90°,0°,2.386,8.743,1.617,270.02,270,0
1061,ParLight,Generic Dimmer,Generic Dimmer,1ch,0,0,2.65m,8.74m,-1.62m,-179.98°,90°,0°,2.646,8.743,1.617,270.02,270,0
1113,ParLight,Generic Dimmer,Generic Dimmer,1ch,0,0,3.56m,8.74m,-1.62m,-179.98°,90°,0°,3.56,8.743,1.617,270.02,270,0
1165,ParLight,Generic Dimmer,Generic Dimmer,1ch,0,0,3.83m,8.74m,-1.62m,-179.98°,90°,0°,3.827,8.743,1.617,270.02,270,0
1217,ParLight,Generic Dimmer,Generic Dimmer,1ch,0,0,4.09m,8.74m,-1.62m,-179.98°,90°,0°,4.087,8.743,1.617,270.02,270,0
1269,ParLight,Generic Dimmer,Generic Dimmer,1ch,0,0,5.15m,8.74m,-1.62m,-179.98°,90°,0°,5.153,8.743,1.617,270.02,270,0
1321,ParLight,Generic Dimmer,Generic Dimmer,1ch,0,0,5.42m,8.74m,-1.62m,-179.98°,90°,0°,5.42,8.743,1.617,270.02,270,0
1373,ParLight,Generic Dimmer,Generic Dimmer,1ch,0,0,5.68m,8.74m,-1.62m,-179.98°,90°,0°,5.68,8.743,1.617,270.02,270,0
1425,ParLight,Generic Dimmer,Generic Dimmer,1ch,0,0,6.67m,8.74m,-1.62m,-179.98°,90°,0°,6.668,8.743,1.617,270.02,270,0
1477,ParLight,Generic Dimmer,Generic Dimmer,1ch,0,0,6.94m,8.74m,-1.62m,-179.98°,90°,0°,6.935,8.743,1.617,270.02,270,0
1529,ParLight,Generic Dimmer,Generic Dimmer,1ch,0,0,7.2m,8.74m,-1.62m,-179.98°,90°,0°,7.195,8.743,1.617,270.02,270,0
22,ParLight,Generic Dimmer,Generic Dimmer,1ch,0,0,-7.16m,8.74m,-1.62m,-179.98°,90°,0°,-7.163,8.743,1.617,270.02,270,0
74,ParLight,Generic Dimmer,Generic Dimmer,1ch,0,0,-6.9m,8.74m,-1.62m,-179.98°,90°,0°,-6.896,8.743,1.617,270.02,270,0
126,ParLight,Generic Dimmer,Generic Dimmer,1ch,0,0,-6.64m,8.74m,-1.62m,-179.98°,90°,0°,-6.636,8.743,1.617,270.02,270,0
178,ParLight,Generic Dimmer,Generic Dimmer,1ch,0,0,-5.65m,8.74m,-1.62m,-179.98°,90°,0°,-5.65,8.743,1.617,270.02,270,0
230,ParLight,Generic Dimmer,Generic Dimmer,1ch,0,0,-5.38m,8.74m,-1.62m,-179.98°,90°,0°,-5.383,8.743,1.617,270.02,270,0
282,ParLight,Generic Dimmer,Generic Dimmer,1ch,0,0,-5.12m,8.74m,-1.62m,-179.98°,90°,0°,-5.123,8.743,1.617,270.02,270,0
334,ParLight,Generic Dimmer,Generic Dimmer,1ch,0,0,-4.08m,8.74m,-1.62m,-179.98°,90°,0°,-4.084,8.743,1.617,270.02,270,0
386,ParLight,Generic Dimmer,Generic Dimmer,1ch,0,0,-3.82m,8.74m,-1.62m,-179.98°,90°,0°,-3.817,8.743,1.617,270.02,270,0
438,ParLight,Generic Dimmer,Generic Dimmer,1ch,0,0,-3.56m,8.74m,-1.62m,-179.98°,90°,0°,-3.557,8.743,1.617,270.02,270,0
490,ParLight,Generic Dimmer,Generic Dimmer,1ch,0,0,-2.56m,8.74m,-1.62m,-179.98°,90°,0°,-2.56,8.743,1.617,270.02,270,0
542,ParLight,Generic Dimmer,Generic Dimmer,1ch,0,0,-2.29m,8.74m,-1.62m,-179.98°,90°,0°,-2.293,8.743,1.617,270.02,270,0
594,ParLight,Generic Dimmer,Generic Dimmer,1ch,0,0,-2.03m,8.74m,-1.62m,-179.98°,90°,0°,-2.033,8.743,1.617,270.02,270,0
646,ParLight,Generic Dimmer,Generic Dimmer,1ch,0,0,-1.02m,8.74m,-1.62m,-179.98°,90°,0°,-1.019,8.743,1.617,270.02,270,0
698,ParLight,Generic Dimmer,Generic Dimmer,1ch,0,0,-0.75m,8.74m,-1.62m,-179.98°,90°,0°,-0.752,8.743,1.617,270.02,270,0
750,ParLight,Generic Dimmer,Generic Dimmer,1ch,0,0,-0.49m,8.74m,-1.62m,-179.98°,90°,0°,-0.492,8.743,1.617,270.02,270,0
802,ParLight,Generic Dimmer,Generic Dimmer,1ch,0,0,0.53m,8.74m,-1.62m,-179.98°,90°,0°,0.533,8.743,1.617,270.02,270,0
854,ParLight,Generic Dimmer,Generic Dimmer,1ch,0,0,0.8m,8.74m,-1.62m,-179.98°,90°,0°,0.8,8.743,1.617,270.02,270,0
906,ParLight,Generic Dimmer,Generic Dimmer,1ch,0,0,1.06m,8.74m,-1.62m,-179.98°,90°,0°,1.06,8.743,1.617,270.02,270,0
958,ParLight,Generic Dimmer,Generic Dimmer,1ch,0,0,2.12m,8.74m,-1.62m,-179.98°,90°,0°,2.119,8.743,1.617,270.02,270,0
1010,ParLight,Generic Dimmer,Generic Dimmer,1ch,0,0,2.39m,8.74m,-1.62m,-179.98°,90°,0°,2.386,8.743,1.617,270.02,270,0
1062,ParLight,Generic Dimmer,Generic Dimmer,1ch,0,0,2.65m,8.74m,-1.62m,-179.98°,90°,0°,2.646,8.743,1.617,270.02,270,0
1114,ParLight,Generic Dimmer,Generic Dimmer,1ch,0,0,3.56m,8.74m,-1.62m,-179.98°,90°,0°,3.56,8.743,1.617,270.02,270,0
1166,ParLight,Generic Dimmer,Generic Dimmer,1ch,0,0,3.83m,8.74m,-1.62m,-179.98°,90°,0°,3.827,8.743,1.617,270.02,270,0
1218,ParLight,Generic Dimmer,Generic Dimmer,1ch,0,0,4.09m,8.74m,-1.62m,-179.98°,90°,0°,4.087,8.743,1.617,270.02,270,0
1270,ParLight,Generic Dimmer,Generic Dimmer,1ch,0,0,5.15m,8.74m,-1.62m,-179.98°,90°,0°,5.153,8.743,1.617,270.02,270,0
1322,ParLight,Generic Dimmer,Generic Dimmer,1ch,0,0,5.42m,8.74m,-1.62m,-179.98°,90°,0°,5.42,8.743,1.617,270.02,270,0
1374,ParLight,Generic Dimmer,Generic Dimmer,1ch,0,0,5.68m,8.74m,-1.62m,-179.98°,90°,0°,5.68,8.743,1.617,270.02,270,0
1426,ParLight,Generic Dimmer,Generic Dimmer,1ch,0,0,6.67m,8.74m,-1.62m,-179.98°,90°,0°,6.668,8.743,1.617,270.02,270,0
1478,ParLight,Generic Dimmer,Generic Dimmer,1ch,0,0,6.94m,8.74m,-1.62m,-179.98°,90°,0°,6.935,8.743,1.617,270.02,270,0
1530,ParLight,Generic Dimmer,Generic Dimmer,1ch,0,0,7.2m,8.74m,-1.62m,-179.98°,90°,0°,7.195,8.743,1.617,270.02,270,0
23,ParLight,Generic Dimmer,Generic Dimmer,1ch,0,0,-7.16m,8.74m,-1.62m,-179.98°,90°,0°,-7.163,8.743,1.617,270.02,270,0
75,ParLight,Generic Dimmer,Generic Dimmer,1ch,0,0,-6.9m,8.74m,-1.62m,-179.98°,90°,0°,-6.896,8.743,1.617,270.02,270,0
127,ParLight,Generic Dimmer,Generic Dimmer,1ch,0,0,-6.64m,8.74m,-1.62m,-179.98°,90°,0°,-6.636,8.743,1.617,270.02,270,0
179,ParLight,Generic Dimmer,Generic Dimmer,1ch,0,0,-5.65m,8.74m,-1.62m,-179.98°,90°,0°,-5.65,8.743,1.617,270.02,270,0
231,ParLight,Generic Dimmer,Generic Dimmer,1ch,0,0,-5.38m,8.74m,-1.62m,-179.98°,90°,0°,-5.383,8.743,1.617,270.02,270,0
283,ParLight,Generic Dimmer,Generic Dimmer,1ch,0,0,-5.12m,8.74m,-1.62m,-179.98°,90°,0°,-5.123,8.743,1.617,270.02,270,0
335,ParLight,Generic Dimmer,Generic Dimmer,1ch,0,0,-4.08m,8.74m,-1.62m,-179.98°,90°,0°,-4.084,8.743,1.617,270.02,270,0
387,ParLight,Generic Dimmer,Generic Dimmer,1ch,0,0,-3.82m,8.74m,-1.62m,-179.98°,90°,0°,-3.817,8.743,1.617,270.02,270,0
439,ParLight,Generic Dimmer,Generic Dimmer,1ch,0,0,-3.56m,8.74m,-1.62m,-179.98°,90°,0°,-3.557,8.743,1.617,270.02,270,0
491,ParLight,Generic Dimmer,Generic Dimmer,1ch,0,0,-2.56m,8.74m,-1.62m,-179.98°,90°,0°,-2.56,8.743,1.617,270.02,270,0
543,ParLight,Generic Dimmer,Generic Dimmer,1ch,0,0,-2.29m,8.74m,-1.62m,-179.98°,90°,0°,-2.293,8.743,1.617,270.02,270,0
595,ParLight,Generic Dimmer,Generic Dimmer,1ch,0,0,-2.03m,8.74m,-1.62m,-179.98°,90°,0°,-2.033,8.743,1.617,270.02,270,0
647,ParLight,Generic Dimmer,Generic Dimmer,1ch,0,0,-1.02m,8.74m,-1.62m,-179.98°,90°,0°,-1.019,8.743,1.617,270.02,270,0
699,ParLight,Generic Dimmer,Generic Dimmer,1ch,0,0,-0.75m,8.74m,-1.62m,-179.98°,90°,0°,-0.752,8.743,1.617,270.02,270,0
751,ParLight,Generic Dimmer,Generic Dimmer,1ch,0,0,-0.49m,8.74m,-1.62m,-179.98°,90°,0°,-0.492,8.743,1.617,270.02,270,0
803,ParLight,Generic Dimmer,Generic Dimmer,1ch,0,0,0.53m,8.74m,-1.62m,-179.98°,90°,0°,0.533,8.743,1.617,270.02,270,0
855,ParLight,Generic Dimmer,Generic Dimmer,1ch,0,0,0.8m,8.74m,-1.62m,-179.98°,90°,0°,0.8,8.743,1.617,270.02,270,0
907,ParLight,Generic Dimmer,Generic Dimmer,1ch,0,0,1.06m,8.74m,-1.62m,-179.98°,90°,0°,1.06,8.743,1.617,270.02,270,0
959,ParLight,Generic Dimmer,Generic Dimmer,1ch,0,0,2.12m,8.74m,-1.62m,-179.98°,90°,0°,2.119,8.743,1.617,270.02,270,0
1011,ParLight,Generic Dimmer,Generic Dimmer,1ch,0,0,2.39m,8.74m,-1.62m,-179.98°,90°,0°,2.386,8.743,1.617,270.02,270,0
1063,ParLight,Generic Dimmer,Generic Dimmer,1ch,0,0,2.65m,8.74m,-1.62m,-179.98°,90°,0°,2.646,8.743,1.617,270.02,270,0
1115,ParLight,Generic Dimmer,Generic Dimmer,1ch,0,0,3.56m,8.74m,-1.62m,-179.98°,90°,0°,3.56,8.743,1.617,270.02,270,0
1167,ParLight,Generic Dimmer,Generic Dimmer,1ch,0,0,3.83m,8.74m,-1.62m,-179.98°,90°,0°,3.827,8.743,1.617,270.02,270,0
1219,ParLight,Generic Dimmer,Generic Dimmer,1ch,0,0,4.09m,8.74m,-1.62m,-179.98°,90°,0°,4.087,8.743,1.617,270.02,270,0
1271,ParLight,Generic Dimmer,Generic Dimmer,1ch,0,0,5.15m,8.74m,-1.62m,-179.98°,90°,0°,5.153,8.743,1.617,270.02,270,0
1323,ParLight,Generic Dimmer,Generic Dimmer,1ch,0,0,5.42m,8.74m,-1.62m,-179.98°,90°,0°,5.42,8.743,1.617,270.02,270,0
1375,ParLight,Generic Dimmer,Generic Dimmer,1ch,0,0,5.68m,8.74m,-1.62m,-179.98°,90°,0°,5.68,8.743,1.617,270.02,270,0
1427,ParLight,Generic Dimmer,Generic Dimmer,1ch,0,0,6.67m,8.74m,-1.62m,-179.98°,90°,0°,6.668,8.743,1.617,270.02,270,0
1479,ParLight,Generic Dimmer,Generic Dimmer,1ch,0,0,6.94m,8.74m,-1.62m,-179.98°,90°,0°,6.935,8.743,1.617,270.02,270,0
1531,ParLight,Generic Dimmer,Generic Dimmer,1ch,0,0,7.2m,8.74m,-1.62m,-179.98°,90°,0°,7.195,8.743,1.617,270.02,270,0
24,ParLight,Generic Dimmer,Generic Dimmer,1ch,0,0,-7.16m,8.74m,-1.62m,-179.98°,90°,0°,-7.163,8.743,1.617,270.02,270,0
76,ParLight,Generic Dimmer,Generic Dimmer,1ch,0,0,-6.9m,8.74m,-1.62m,-179.98°,90°,0°,-6.896,8.743,1.617,270.02,270,0
128,ParLight,Generic Dimmer,Generic Dimmer,1ch,0,0,-6.64m,8.74m,-1.62m,-179.98°,90°,0°,-6.636,8.743,1.617,270.02,270,0
180,ParLight,Generic Dimmer,Generic Dimmer,1ch,0,0,-5.65m,8.74m,-1.62m,-179.98°,90°,0°,-5.65,8.743,1.617,270.02,270,0
232,ParLight,Generic Dimmer,Generic Dimmer,1ch,0,0,-5.38m,8.74m,-1.62m,-179.98°,90°,0°,-5.383,8.743,1.617,270.02,270,0
284,ParLight,Generic Dimmer,Generic Dimmer,1ch,0,0,-5.12m,8.74m,-1.62m,-179.98°,90°,0°,-5.123,8.743,1.617,270.02,270,0
336,ParLight,Generic Dimmer,Generic Dimmer,1ch,0,0,-4.08m,8.74m,-1.62m,-179.98°,90°,0°,-4.084,8.743,1.617,270.02,270,0
388,ParLight,Generic Dimmer,Generic Dimmer,1ch,0,0,-3.82m,8.74m,-1.62m,-179.98°,90°,0°,-3.817,8.743,1.617,270.02,270,0
440,ParLight,Generic Dimmer,Generic Dimmer,1ch,0,0,-3.56m,8.74m,-1.62m,-179.98°,90°,0°,-3.557,8.743,1.617,270.02,270,0
492,ParLight,Generic Dimmer,Generic Dimmer,1ch,0,0,-2.56m,8.74m,-1.62m,-179.98°,90°,0°,-2.56,8.743,1.617,270.02,270,0
544,ParLight,Generic Dimmer,Generic Dimmer,1ch,0,0,-2.29m,8.74m,-1.62m,-179.98°,90°,0°,-2.293,8.743,1.617,270.02,270,0
596,ParLight,Generic Dimmer,Generic Dimmer,1ch,0,0,-2.03m,8.74m,-1.62m,-179.98°,90°,0°,-2.033,8.743,1.617,270.02,270,0
648,ParLight,Generic Dimmer,Generic Dimmer,1ch,0,0,-1.02m,8.74m,-1.62m,-179.98°,90°,0°,-1.019,8.743,1.617,270.02,270,0
700,ParLight,Generic Dimmer,Generic Dimmer,1ch,0,0,-0.75m,8.74m,-1.62m,-179.98°,90°,0°,-0.752,8.743,1.617,270.02,270,0
752,ParLight,Generic Dimmer,Generic Dimmer,1ch,0,0,-0.49m,8.74m,-1.62m,-179.98°,90°,0°,-0.492,8.743,1.617,270.02,270,0
804,ParLight,Generic Dimmer,Generic Dimmer,1ch,0,0,0.53m,8.74m,-1.62m,-179.98°,90°,0°,0.533,8.743,1.617,270.02,270,0
856,ParLight,Generic Dimmer,Generic Dimmer,1ch,0,0,0.8m,8.74m,-1.62m,-179.98°,90°,0°,0.8,8.743,1.617,270.02,270,0
908,ParLight,Generic Dimmer,Generic Dimmer,1ch,0,0,1.06m,8.74m,-1.62m,-179.98°,90°,0°,1.06,8.743,1.617,270.02,270,0
960,ParLight,Generic Dimmer,Generic Dimmer,1ch,0,0,2.12m,8.74m,-1.62m,-179.98°,90°,0°,2.119,8.743,1.617,270.02,270,0
1012,ParLight,Generic Dimmer,Generic Dimmer,1ch,0,0,2.39m,8.74m,-1.62m,-179.98°,90°,0°,2.386,8.743,1.617,270.02,270,0
1064,ParLight,Generic Dimmer,Generic Dimmer,1ch,0,0,2.65m,8.74m,-1.62m,-179.98°,90°,0°,2.646,8.743,1.617,270.02,270,0
1116,ParLight,Generic Dimmer,Generic Dimmer,1ch,0,0,3.56m,8.74m,-1.62m,-179.98°,90°,0°,3.56,8.743,1.617,270.02,270,0
1168,ParLight,Generic Dimmer,Generic Dimmer,1ch,0,0,3.83m,8.74m,-1.62m,-179.98°,90°,0°,3.827,8.743,1.617,270.02,270,0
1220,ParLight,Generic Dimmer,Generic Dimmer,1ch,0,0,4.09m,8.74m,-1.62m,-179.98°,90°,0°,4.087,8.743,1.617,270.02,270,0
1272,ParLight,Generic Dimmer,Generic Dimmer,1ch,0,0,5.15m,8.74m,-1.62m,-179.98°,90°,0°,5.153,8.743,1.617,270.02,270,0
1324,ParLight,Generic Dimmer,Generic Dimmer,1ch,0,0,5.42m,8.74m,-1.62m,-179.98°,90°,0°,5.42,8.743,1.617,270.02,270,0
1376,ParLight,Generic Dimmer,Generic Dimmer,1ch,0,0,5.68m,8.74m,-1.62m,-179.98°,90°,0°,5.68,8.743,1.617,270.02,270,0
1428,ParLight,Generic Dimmer,Generic Dimmer,1ch,0,0,6.67m,8.74m,-1.62m,-179.98°,90°,0°,6.668,8.743,1.617,270.02,270,0
1480,ParLight,Generic Dimmer,Generic Dimmer,1ch,0,0,6.94m,8.74m,-1.62m,-179.98°,90°,0°,6.935,8.743,1.617,270.02,270,0
1532,ParLight,Generic Dimmer,Generic Dimmer,1ch,0,0,7.2m,8.74m,-1.62m,-179.98°,90°,0°,7.195,8.743,1.617,270.02,270,0
25,ParLight,Generic Dimmer,Generic Dimmer,1ch,0,0,-7.16m,8.74m,-1.62m,-179.98°,90°,0°,-7.163,8.743,1.617,270.02,270,0
77,ParLight,Generic Dimmer,Generic Dimmer,1ch,0,0,-6.9m,8.74m,-1.62m,-179.98°,90°,0°,-6.896,8.743,1.617,270.02,270,0
129,ParLight,Generic Dimmer,Generic Dimmer,1ch,0,0,-6.64m,8.74m,-1.62m,-179.98°,90°,0°,-6.636,8.743,1.617,270.02,270,0
181,ParLight,Generic Dimmer,Generic Dimmer,1ch,0,0,-5.65m,8.74m,-1.62m,-179.98°,90°,0°,-5.65,8.743,1.617,270.02,270,0
233,ParLight,Generic Dimmer,Generic Dimmer,1ch,0,0,-5.38m,8.74m,-1.62m,-179.98°,90°,0°,-5.383,8.743,1.617,270.02,270,0
285,ParLight,Generic Dimmer,Generic Dimmer,1ch,0,0,-5.12m,8.74m,-1.62m,-179.98°,90°,0°,-5.123,8.743,1.617,270.02,270,0
337,ParLight,Generic Dimmer,Generic Dimmer,1ch,0,0,-4.08m,8.74m,-1.62m,-179.98°,90°,0°,-4.084,8.743,1.617,270.02,270,0
389,ParLight,Generic Dimmer,Generic Dimmer,1ch,0,0,-3.82m,8.74m,-1.62m,-179.98°,90°,0°,-3.817,8.743,1.617,270.02,270,0
441,ParLight,Generic Dimmer,Generic Dimmer,1ch,0,0,-3.56m,8.74m,-1.62m,-179.98°,90°,0°,-3.557,8.743,1.617,270.02,270,0
493,ParLight,Generic Dimmer,Generic Dimmer,1ch,0,0,-2.56m,8.74m,-1.62m,-179.98°,90°,0°,-2.56,8.743,1.617,270.02,270,0
545,ParLight,Generic Dimmer,Generic Dimmer,1ch,0,0,-2.29m,8.74m,-1.62m,-179.98°,90°,0°,-2.293,8.743,1.617,270.02,270,0
597,ParLight,Generic Dimmer,Generic Dimmer,1ch,0,0,-2.03m,8.74m,-1.62m,-179.98°,90°,0°,-2.033,8.743,1.617,270.02,270,0
649,ParLight,Generic Dimmer,Generic Dimmer,1ch,0,0,-1.02m,8.74m,-1.62m,-179.98°,90°,0°,-1.019,8.743,1.617,270.02,270,0
701,ParLight,Generic Dimmer,Generic Dimmer,1ch,0,0,-0.75m,8.74m,-1.62m,-179.98°,90°,0°,-0.752,8.743,1.617,270.02,270,0
753,ParLight,Generic Dimmer,Generic Dimmer,1ch,0,0,-0.49m,8.74m,-1.62m,-179.98°,90°,0°,-0.492,8.743,1.617,270.02,270,0
805,ParLight,Generic Dimmer,Generic Dimmer,1ch,0,0,0.53m,8.74m,-1.62m,-179.98°,90°,0°,0.533,8.743,1.617,270.02,270,0
857,ParLight,Generic Dimmer,Generic Dimmer,1ch,0,0,0.8m,8.74m,-1.62m,-179.98°,90°,0°,0.8,8.743,1.617,270.02,270,0
909,ParLight,Generic Dimmer,Generic Dimmer,1ch,0,0,1.06m,8.74m,-1.62m,-179.98°,90°,0°,1.06,8.743,1.617,270.02,270,0
961,ParLight,Generic Dimmer,Generic Dimmer,1ch,0,0,2.12m,8.74m,-1.62m,-179.98°,90°,0°,2.119,8.743,1.617,270.02,270,0
1013,ParLight,Generic Dimmer,Generic Dimmer,1ch,0,0,2.39m,8.74m,-1.62m,-179.98°,90°,0°,2.386,8.743,1.617,270.02,270,0
1065,ParLight,Generic Dimmer,Generic Dimmer,1ch,0,0,2.65m,8.74m,-1.62m,-179.98°,90°,0°,2.646,8.743,1.617,270.02,270,0
1117,ParLight,Generic Dimmer,Generic Dimmer,1ch,0,0,3.56m,8.74m,-1.62m,-179.98°,90°,0°,3.56,8.743,1.617,270.02,270,0
1169,ParLight,Generic Dimmer,Generic Dimmer,1ch,0,0,3.83m,8.74m,-1.62m,-179.98°,90°,0°,3.827,8.743,1.617,270.02,270,0
1221,ParLight,Generic Dimmer,Generic Dimmer,1ch,0,0,4.09m,8.74m,-1.62m,-179.98°,90°,0°,4.087,8.743,1.617,270.02,270,0
1273,ParLight,Generic Dimmer,Generic Dimmer,1ch,0,0,5.15m,8.74m,-1.62m,-179.98°,90°,0°,5.153,8.743,1.617,270.02,270,0
1325,ParLight,Generic Dimmer,Generic Dimmer,1ch,0,0,5.42m,8.74m,-1.62m,-179.98°,90°,0°,5.42,8.743,1.617,270.02,270,0
1377,ParLight,Generic Dimmer,Generic Dimmer,1ch,0,0,5.68m,8.74m,-1.62m,-179.98°,90°,0°,5.68,8.743,1.617,270.02,270,0
1429,ParLight,Generic Dimmer,Generic Dimmer,1ch,0,0,6.67m,8.74m,-1.62m,-179.98°,90°,0°,6.668,8.743,1.617,270.02,270,0
1481,ParLight,Generic Dimmer,Generic Dimmer,1ch,0,0,6.94m,8.74m,-1.62m,-179.98°,90°,0°,6.935,8.743,1.617,270.02,270,0
1533,ParLight,Generic Dimmer,Generic Dimmer,1ch,0,0,7.2m,8.74m,-1.62m,-179.98°,90°,0°,7.195,8.743,1.617,270.02,270,0
26,ParLight,Generic Dimmer,Generic Dimmer,1ch,0,0,-7.16m,8.74m,-1.62m,-179.98°,90°,0°,-7.163,8.743,1.617,270.02,270,0
78,ParLight,Generic Dimmer,Generic Dimmer,1ch,0,0,-6.9m,8.74m,-1.62m,-179.98°,90°,0°,-6.896,8.743,1.617,270.02,270,0
130,ParLight,Generic Dimmer,Generic Dimmer,1ch,0,0,-6.64m,8.74m,-1.62m,-179.98°,90°,0°,-6.636,8.743,1.617,270.02,270,0
182,ParLight,Generic Dimmer,Generic Dimmer,1ch,0,0,-5.65m,8.74m,-1.62m,-179.98°,90°,0°,-5.65,8.743,1.617,270.02,270,0
234,ParLight,Generic Dimmer,Generic Dimmer,1ch,0,0,-5.38m,8.74m,-1.62m,-179.98°,90°,0°,-5.383,8.743,1.617,270.02,270,0
286,ParLight,Generic Dimmer,Generic Dimmer,1ch,0,0,-5.12m,8.74m,-1.62m,-179.98°,90°,0°,-5.123,8.743,1.617,270.02,270,0
338,ParLight,Generic Dimmer,Generic Dimmer,1ch,0,0,-4.08m,8.74m,-1.62m,-179.98°,90°,0°,-4.084,8.743,1.617,270.02,270,0
390,ParLight,Generic Dimmer,Generic Dimmer,1ch,0,0,-3.82m,8.74m,-1.62m,-179.98°,90°,0°,-3.817,8.743,1.617,270.02,270,0
442,ParLight,Generic Dimmer,Generic Dimmer,1ch,0,0,-3.56m,8.74m,-1.62m,-179.98°,90°,0°,-3.557,8.743,1.617,270.02,270,0
494,ParLight,Generic Dimmer,Generic Dimmer,1ch,0,0,-2.56m,8.74m,-1.62m,-179.98°,90°,0°,-2.56,8.743,1.617,270.02,270,0
546,ParLight,Generic Dimmer,Generic Dimmer,1ch,0,0,-2.29m,8.74m,-1.62m,-179.98°,90°,0°,-2.293,8.743,1.617,270.02,270,0
598,ParLight,Generic Dimmer,Generic Dimmer,1ch,0,0,-2.03m,8.74m,-1.62m,-179.98°,90°,0°,-2.033,8.743,1.617,270.02,270,0
650,ParLight,Generic Dimmer,Generic Dimmer,1ch,0,0,-1.02m,8.74m,-1.62m,-179.98°,90°,0°,-1.019,8.743,1.617,270.02,270,0
702,ParLight,Generic Dimmer,Generic Dimmer,1ch,0,0,-0.75m,8.74m,-1.62m,-179.98°,90°,0°,-0.752,8.743,1.617,270.02,270,0
754,ParLight,Generic Dimmer,Generic Dimmer,1ch,0,0,-0.49m,8.74m,-1.62m,-179.98°,90°,0°,-0.492,8.743,1.617,270.02,270,0
806,ParLight,Generic Dimmer,Generic Dimmer,1ch,0,0,0.53m,8.74m,-1.62m,-179.98°,90°,0°,0.533,8.743,1.617,270.02,270,0
858,ParLight,Generic Dimmer,Generic Dimmer,1ch,0,0,0.8m,8.74m,-1.62m,-179.98°,90°,0°,0.8,8.743,1.617,270.02,270,0
910,ParLight,Generic Dimmer,Generic Dimmer,1ch,0,0,1.06m,8.74m,-1.62m,-179.98°,90°,0°,1.06,8.743,1.617,270.02,270,0
962,ParLight,Generic Dimmer,Generic Dimmer,1ch,0,0,2.12m,8.74m,-1.62m,-179.98°,90°,0°,2.119,8.743,1.617,270.02,270,0
1014,ParLight,Generic Dimmer,Generic Dimmer,1ch,0,0,2.39m,8.74m,-1.62m,-179.98°,90°,0°,2.386,8.743,1.617,270.02,270,0
1066,ParLight,Generic Dimmer,Generic Dimmer,1ch,0,0,2.65m,8.74m,-1.62m,-179.98°,90°,0°,2.646,8.743,1.617,270.02,270,0
1118,ParLight,Generic Dimmer,Generic Dimmer,1ch,0,0,3.56m,8.74m,-1.62m,-179.98°,90°,0°,3.56,8.743,1.617,270.02,270,0
1170,ParLight,Generic Dimmer,Generic Dimmer,1ch,0,0,3.83m,8.74m,-1.62m,-179.98°,90°,0°,3.827,8.743,1.617,270.02,270,0
1222,ParLight,Generic Dimmer,Generic Dimmer,1ch,0,0,4.09m,8.74m,-1.62m,-179.98°,90°,0°,4.087,8.743,1.617,270.02,270,0
1274,ParLight,Generic Dimmer,Generic Dimmer,1ch,0,0,5.15m,8.74m,-1.62m,-179.98°,90°,0°,5.153,8.743,1.617,270.02,270,0
1326,ParLight,Generic Dimmer,Generic Dimmer,1ch,0,0,5.42m,8.74m,-1.62m,-179.98°,90°,0°,5.42,8.743,1.617,270.02,270,0
1378,ParLight,Generic Dimmer,Generic Dimmer,1ch,0,0,5.68m,8.74m,-1.62m,-179.98°,90°,0°,5.68,8.743,1.617,270.02,270,0
1430,ParLight,Generic Dimmer,Generic Dimmer,1ch,0,0,6.67m,8.74m,-1.62m,-179.98°,90°,0°,6.668,8.743,1.617,270.02,270,0
1482,ParLight,Generic Dimmer,Generic Dimmer,1ch,0,0,6.94m,8.74m,-1.62m,-179.98°,90°,0°,6.935,8.743,1.617,270.02,270,0
1534,ParLight,Generic Dimmer,Generic Dimmer,1ch,0,0,7.2m,8.74m,-1.62m,-179.98°,90°,0°,7.195,8.743,1.617,270.02,270,0
27,ParLight,Generic Dimmer,Generic Dimmer,1ch,0,0,-7.16m,8.74m,-1.62m,-179.98°,90°,0°,-7.163,8.743,1.617,270.02,270,0
79,ParLight,Generic Dimmer,Generic Dimmer,1ch,0,0,-6.9m,8.74m,-1.62m,-179.98°,90°,0°,-6.896,8.743,1.617,270.02,270,0
131,ParLight,Generic Dimmer,Generic Dimmer,1ch,0,0,-6.64m,8.74m,-1.62m,-179.98°,90°,0°,-6.636,8.743,1.617,270.02,270,0
183,ParLight,Generic Dimmer,Generic Dimmer,1ch,0,0,-5.65m,8.74m,-1.62m,-179.98°,90°,0°,-5.65,8.743,1.617,270.02,270,0
235,ParLight,Generic Dimmer,Generic Dimmer,1ch,0,0,-5.38m,8.74m,-1.62m,-179.98°,90°,0°,-5.383,8.743,1.617,270.02,270,0
287,ParLight,Generic Dimmer,Generic Dimmer,1ch,0,0,-5.12m,8.74m,-1.62m,-179.98°,90°,0°,-5.123,8.743,1.617,270.02,270,0
339,ParLight,Generic Dimmer,Generic Dimmer,1ch,0,0,-4.08m,8.74m,-1.62m,-179.98°,90°,0°,-4.084,8.743,1.617,270.02,270,0
391,ParLight,Generic Dimmer,Generic Dimmer,1ch,0,0,-3.82m,8.74m,-1.62m,-179.98°,90°,0°,-3.817,8.743,1.617,270.02,270,0
443,ParLight,Generic Dimmer,Generic Dimmer,1ch,0,0,-3.56m,8.74m,-1.62m,-179.98°,90°,0°,-3.557,8.743,1.617,270.02,270,0
495,ParLight,Generic Dimmer,Generic Dimmer,1ch,0,0,-2.56m,8.74m,-1.62m,-179.98°,90°,0°,-2.56,8.743,1.617,270.02,270,0
547,ParLight,Generic Dimmer,Generic Dimmer,1ch,0,0,-2.29m,8.74m,-1.62m,-179.98°,90°,0°,-2.293,8.743,1.617,270.02,270,0
599,ParLight,Generic Dimmer,Generic Dimmer,1ch,0,0,-2.03m,8.74m,-1.62m,-179.98°,90°,0°,-2.033,8.743,1.617,270.02,270,0
651,ParLight,Generic Dimmer,Generic Dimmer,1ch,0,0,-1.02m,8.74m,-1.62m,-179.98°,90°,0°,-1.019,8.743,1.617,270.02,270,0
703,ParLight,Generic Dimmer,Generic Dimmer,1ch,0,0,-0.75m,8.74m,-1.62m,-179.98°,90°,0°,-0.752,8.743,1.617,270.02,270,0
755,ParLight,Generic Dimmer,Generic Dimmer,1ch,0,0,-0.49m,8.74m,-1.62m,-179.98°,90°,0°,-0.492,8.743,1.617,270.02,270,0
807,ParLight,Generic Dimmer,Generic Dimmer,1ch,0,0,0.53m,8.74m,-1.62m,-179.98°,90°,0°,0.533,8.743,1.617,270.02,270,0
859,ParLight,Generic Dimmer,Generic Dimmer,1ch,0,0,0.8m,8.74m,-1.62m,-179.98°,90°,0°,0.8,8.743,1.617,270.02,270,0
911,ParLight,Generic Dimmer,Generic Dimmer,1ch,0,0,1.06m,8.74m,-1.62m,-179.98°,90°,0°,1.06,8.743,1.617,270.02,270,0
963,ParLight,Generic Dimmer,Generic Dimmer,1ch,0,0,2.12m,8.74m,-1.62m,-179.98°,90°,0°,2.119,8.743,1.617,270.02,270,0
1015,ParLight,Generic Dimmer,Generic Dimmer,1ch,0,0,2.39m,8.74m,-1.62m,-179.98°,90°,0°,2.386,8.743,1.617,270.02,270,0
1067,ParLight,Generic Dimmer,Generic Dimmer,1ch,0,0,2.65m,8.74m,-1.62m,-179.98°,90°,0°,2.646,8.743,1.617,270.02,270,0
1119,ParLight,Generic Dimmer,Generic Dimmer,1ch,0,0,3.56m,8.74m,-1.62m,-179.98°,90°,0°,3.56,8.743,1.617,270.02,270,0
1171,ParLight,Generic Dimmer,Generic Dimmer,1ch,0,0,3.83m,8.74m,-1.62m,-179.98°,90°,0°,3.827,8.743,1.617,270.02,270,0
1223,ParLight,Generic Dimmer,Generic Dimmer,1ch,0,0,4.09m,8.74m,-1.62m,-179.98°,90°,0°,4.087,8.743,1.617,270.02,270,0
1275,ParLight,Generic Dimmer,Generic Dimmer,1ch,0,0,5.15m,8.74m,-1.62m,-179.98°,90°,0°,5.153,8.743,1.617,270.02,270,0
1327,ParLight,Generic Dimmer,Generic Dimmer,1ch,0,0,5.42m,8.74m,-1.62m,-179.98°,90°,0°,5.42,8.743,1.617,270.02,270,0
1379,ParLight,Generic Dimmer,Generic Dimmer,1ch,0,0,5.68m,8.74m,-1.62m,-179.98°,90°,0°,5.68,8.743,1.617,270.02,270,0
1431,ParLight,Generic Dimmer,Generic Dimmer,1ch,0,0,6.67m,8.74m,-1.62m,-179.98°,90°,0°,6.668,8.743,1.617,270.02,270,0
1483,ParLight,Generic Dimmer,Generic Dimmer,1ch,0,0,6.94m,8.74m,-1.62m,-179.98°,90°,0°,6.935,8.743,1.617,270.02,270,0
1535,ParLight,Generic Dimmer,Generic Dimmer,1ch,0,0,7.2m,8.74m,-1.62m,-179.98°,90°,0°,7.195,8.743,1.617,270.02,270,0
28,ParLight,Generic Dimmer,Generic Dimmer,1ch,0,0,-7.16m,8.74m,-1.62m,-179.98°,90°,0°,-7.163,8.743,1.617,270.02,270,0
80,ParLight,Generic Dimmer,Generic Dimmer,1ch,0,0,-6.9m,8.74m,-1.62m,-179.98°,90°,0°,-6.896,8.743,1.617,270.02,270,0
132,ParLight,Generic Dimmer,Generic Dimmer,1ch,0,0,-6.64m,8.74m,-1.62m,-179.98°,90°,0°,-6.636,8.743,1.617,270.02,270,0
184,ParLight,Generic Dimmer,Generic Dimmer,1ch,0,0,-5.65m,8.74m,-1.62m,-179.98°,90°,0°,-5.65,8.743,1.617,270.02,270,0
236,ParLight,Generic Dimmer,Generic Dimmer,1ch,0,0,-5.38m,8.74m,-1.62m,-179.98°,90°,0°,-5.383,8.743,1.617,270.02,270,0
288,ParLight,Generic Dimmer,Generic Dimmer,1ch,0,0,-5.12m,8.74m,-1.62m,-179.98°,90°,0°,-5.123,8.743,1.617,270.02,270,0
340,ParLight,Generic Dimmer,Generic Dimmer,1ch,0,0,-4.08m,8.74m,-1.62m,-179.98°,90°,0°,-4.084,8.743,1.617,270.02,270,0
392,ParLight,Generic Dimmer,Generic Dimmer,1ch,0,0,-3.82m,8.74m,-1.62m,-179.98°,90°,0°,-3.817,8.743,1.617,270.02,270,0
444,ParLight,Generic Dimmer,Generic Dimmer,1ch,0,0,-3.56m,8.74m,-1.62m,-179.98°,90°,0°,-3.557,8.743,1.617,270.02,270,0
496,ParLight,Generic Dimmer,Generic Dimmer,1ch,0,0,-2.56m,8.74m,-1.62m,-179.98°,90°,0°,-2.56,8.743,1.617,270.02,270,0
548,ParLight,Generic Dimmer,Generic Dimmer,1ch,0,0,-2.29m,8.74m,-1.62m,-179.98°,90°,0°,-2.293,8.743,1.617,270.02,270,0
600,ParLight,Generic Dimmer,Generic Dimmer,1ch,0,0,-2.03m,8.74m,-1.62m,-179.98°,90°,0°,-2.033,8.743,1.617,270.02,270,0
652,ParLight,Generic Dimmer,Generic Dimmer,1ch,0,0,-1.02m,8.74m,-1.62m,-179.98°,90°,0°,-1.019,8.743,1.617,270.02,270,0
704,ParLight,Generic Dimmer,Generic Dimmer,1ch,0,0,-0.75m,8.74m,-1.62m,-179.98°,90°,0°,-0.752,8.743,1.617,270.02,270,0
756,ParLight,Generic Dimmer,Generic Dimmer,1ch,0,0,-0.49m,8.74m,-1.62m,-179.98°,90°,0°,-0.492,8.743,1.617,270.02,270,0
808,ParLight,Generic Dimmer,Generic Dimmer,1ch,0,0,0.53m,8.74m,-1.62m,-179.98°,90°,0°,0.533,8.743,1.617,270.02,270,0
860,ParLight,Generic Dimmer,Generic Dimmer,1ch,0,0,0.8m,8.74m,-1.62m,-179.98°,90°,0°,0.8,8.743,1.617,270.02,270,0
912,ParLight,Generic Dimmer,Generic Dimmer,1ch,0,0,1.06m,8.74m,-1.62m,-179.98°,90°,0°,1.06,8.743,1.617,270.02,270,0
964,ParLight,Generic Dimmer,Generic Dimmer,1ch,0,0,2.12m,8.74m,-1.62m,-179.98°,90°,0°,2.119,8.743,1.617,270.02,270,0
1016,ParLight,Generic Dimmer,Generic Dimmer,1ch,0,0,2.39m,8.74m,-1.62m,-179.98°,90°,0°,2.386,8.743,1.617,270.02,270,0
1068,ParLight,Generic Dimmer,Generic Dimmer,1ch,0,0,2.65m,8.74m,-1.62m,-179.98°,90°,0°,2.646,8.743,1.617,270.02,270,0
1120,ParLight,Generic Dimmer,Generic Dimmer,1ch,0,0,3.56m,8.74m,-1.62m,-179.98°,90°,0°,3.56,8.743,1.617,270.02,270,0
1172,ParLight,Generic Dimmer,Generic Dimmer,1ch,0,0,3.83m,8.74m,-1.62m,-179.98°,90°,0°,3.827,8.743,1.617,270.02,270,0
1224,ParLight,Generic Dimmer,Generic Dimmer,1ch,0,0,4.09m,8.74m,-1.62m,-179.98°,90°,0°,4.087,8.743,1.617,270.02,270,0
1276,ParLight,Generic Dimmer,Generic Dimmer,1ch,0,0,5.15m,8.74m,-1.62m,-179.98°,90°,0°,5.153,8.743,1.617,270.02,270,0
1328,ParLight,Generic Dimmer,Generic Dimmer,1ch,0,0,5.42m,8.74m,-1.62m,-179.98°,90°,0°,5.42,8.743,1.617,270.02,270,0
1380,ParLight,Generic Dimmer,Generic Dimmer,1ch,0,0,5.68m,8.74m,-1.62m,-179.98°,90°,0°,5.68,8.743,1.617,270.02,270,0
1432,ParLight,Generic Dimmer,Generic Dimmer,1ch,0,0,6.67m,8.74m,-1.62m,-179.98°,90°,0°,6.668,8.743,1.617,270.02,270,0
1484,ParLight,Generic Dimmer,Generic Dimmer,1ch,0,0,6.94m,8.74m,-1.62m,-179.98°,90°,0°,6.935,8.743,1.617,270.02,270,0
1536,ParLight,Generic Dimmer,Generic Dimmer,1ch,0,0,7.2m,8.74m,-1.62m,-179.98°,90°,0°,7.195,8.743,1.617,270.02,270,0
29,ParLight,Generic Dimmer,Generic Dimmer,1ch,0,0,-7.16m,8.74m,-1.62m,-179.98°,90°,0°,-7.163,8.743,1.617,270.02,270,0
81,ParLight,Generic Dimmer,Generic Dimmer,1ch,0,0,-6.9m,8.74m,-1.62m,-179.98°,90°,0°,-6.896,8.743,1.617,270.02,270,0
133,ParLight,Generic Dimmer,Generic Dimmer,1ch,0,0,-6.64m,8.74m,-1.62m,-179.98°,90°,0°,-6.636,8.743,1.617,270.02,270,0
185,ParLight,Generic Dimmer,Generic Dimmer,1ch,0,0,-5.65m,8.74m,-1.62m,-179.98°,90°,0°,-5.65,8.743,1.617,270.02,270,0
237,ParLight,Generic Dimmer,Generic Dimmer,1ch,0,0,-5.38m,8.74m,-1.62m,-179.98°,90°,0°,-5.383,8.743,1.617,270.02,270,0
289,ParLight,Generic Dimmer,Generic Dimmer,1ch,0,0,-5.12m,8.74m,-1.62m,-179.98°,90°,0°,-5.123,8.743,1.617,270.02,270,0
341,ParLight,Generic Dimmer,Generic Dimmer,1ch,0,0,-4.08m,8.74m,-1.62m,-179.98°,90°,0°,-4.084,8.743,1.617,270.02,270,0
393,ParLight,Generic Dimmer,Generic Dimmer,1ch,0,0,-3.82m,8.74m,-1.62m,-179.98°,90°,0°,-3.817,8.743,1.617,270.02,270,0
445,ParLight,Generic Dimmer,Generic Dimmer,1ch,0,0,-3.56m,8.74m,-1.62m,-179.98°,90°,0°,-3.557,8.743,1.617,270.02,270,0
497,ParLight,Generic Dimmer,Generic Dimmer,1ch,0,0,-2.56m,8.74m,-1.62m,-179.98°,90°,0°,-2.56,8.743,1.617,270.02,270,0
549,ParLight,Generic Dimmer,Generic Dimmer,1ch,0,0,-2.29m,8.74m,-1.62m,-179.98°,90°,0°,-2.293,8.743,1.617,270.02,270,0
601,ParLight,Generic Dimmer,Generic Dimmer,1ch,0,0,-2.03m,8.74m,-1.62m,-179.98°,90°,0°,-2.033,8.743,1.617,270.02,270,0
653,ParLight,Generic Dimmer,Generic Dimmer,1ch,0,0,-1.02m,8.74m,-1.62m,-179.98°,90°,0°,-1.019,8.743,1.617,270.02,270,0
705,ParLight,Generic Dimmer,Generic Dimmer,1ch,0,0,-0.75m,8.74m,-1.62m,-179.98°,90°,0°,-0.752,8.743,1.617,270.02,270,0
757,ParLight,Generic Dimmer,Generic Dimmer,1ch,0,0,-0.49m,8.74m,-1.62m,-179.98°,90°,0°,-0.492,8.743,1.617,270.02,270,0
809,ParLight,Generic Dimmer,Generic Dimmer,1ch,0,0,0.53m,8.74m,-1.62m,-179.98°,90°,0°,0.533,8.743,1.617,270.02,270,0
861,ParLight,Generic Dimmer,Generic Dimmer,1ch,0,0,0.8m,8.74m,-1.62m,-179.98°,90°,0°,0.8,8.743,1.617,270.02,270,0
913,ParLight,Generic Dimmer,Generic Dimmer,1ch,0,0,1.06m,8.74m,-1.62m,-179.98°,90°,0°,1.06,8.743,1.617,270.02,270,0
965,ParLight,Generic Dimmer,Generic Dimmer,1ch,0,0,2.12m,8.74m,-1.62m,-179.98°,90°,0°,2.119,8.743,1.617,270.02,270,0
1017,ParLight,Generic Dimmer,Generic Dimmer,1ch,0,0,2.39m,8.74m,-1.62m,-179.98°,90°,0°,2.386,8.743,1.617,270.02,270,0
1069,ParLight,Generic Dimmer,Generic Dimmer,1ch,0,0,2.65m,8.74m,-1.62m,-179.98°,90°,0°,2.646,8.743,1.617,270.02,270,0
1121,ParLight,Generic Dimmer,Generic Dimmer,1ch,0,0,3.56m,8.74m,-1.62m,-179.98°,90°,0°,3.56,8.743,1.617,270.02,270,0
1173,ParLight,Generic Dimmer,Generic Dimmer,1ch,0,0,3.83m,8.74m,-1.62m,-179.98°,90°,0°,3.827,8.743,1.617,270.02,270,0
1225,ParLight,Generic Dimmer,Generic Dimmer,1ch,0,0,4.09m,8.74m,-1.62m,-179.98°,90°,0°,4.087,8.743,1.617,270.02,270,0
1277,ParLight,Generic Dimmer,Generic Dimmer,1ch,0,0,5.15m,8.74m,-1.62m,-179.98°,90°,0°,5.153,8.743,1.617,270.02,270,0
1329,ParLight,Generic Dimmer,Generic Dimmer,1ch,0,0,5.42m,8.74m,-1.62m,-179.98°,90°,0°,5.42,8.743,1.617,270.02,270,0
1381,ParLight,Generic Dimmer,Generic Dimmer,1ch,0,0,5.68m,8.74m,-1.62m,-179.98°,90°,0°,5.68,8.743,1.617,270.02,270,0
1433,ParLight,Generic Dimmer,Generic Dimmer,1ch,0,0,6.67m,8.74m,-1.62m,-179.98°,90°,0°,6.668,8.743,1.617,270.02,270,0
1485,ParLight,Generic Dimmer,Generic Dimmer,1ch,0,0,6.94m,8.74m,-1.62m,-179.98°,90°,0°,6.935,8.743,1.617,270.02,270,0
1537,ParLight,Generic Dimmer,Generic Dimmer,1ch,0,0,7.2m,8.74m,-1.62m,-179.98°,90°,0°,7.195,8.743,1.617,270.02,270,0
30,ParLight,Generic Dimmer,Generic Dimmer,1ch,0,0,-7.16m,8.74m,-1.62m,-179.98°,90°,0°,-7.163,8.743,1.617,270.02,270,0
82,ParLight,Generic Dimmer,Generic Dimmer,1ch,0,0,-6.9m,8.74m,-1.62m,-179.98°,90°,0°,-6.896,8.743,1.617,270.02,270,0
134,ParLight,Generic Dimmer,Generic Dimmer,1ch,0,0,-6.64m,8.74m,-1.62m,-179.98°,90°,0°,-6.636,8.743,1.617,270.02,270,0
186,ParLight,Generic Dimmer,Generic Dimmer,1ch,0,0,-5.65m,8.74m,-1.62m,-179.98°,90°,0°,-5.65,8.743,1.617,270.02,270,0
238,ParLight,Generic Dimmer,Generic Dimmer,1ch,0,0,-5.38m,8.74m,-1.62m,-179.98°,90°,0°,-5.383,8.743,1.617,270.02,270,0
290,ParLight,Generic Dimmer,Generic Dimmer,1ch,0,0,-5.12m,8.74m,-1.62m,-179.98°,90°,0°,-5.123,8.743,1.617,270.02,270,0
342,ParLight,Generic Dimmer,Generic Dimmer,1ch,0,0,-4.08m,8.74m,-1.62m,-179.98°,90°,0°,-4.084,8.743,1.617,270.02,270,0
394,ParLight,Generic Dimmer,Generic Dimmer,1ch,0,0,-3.82m,8.74m,-1.62m,-179.98°,90°,0°,-3.817,8.743,1.617,270.02,270,0
446,ParLight,Generic Dimmer,Generic Dimmer,1ch,0,0,-3.56m,8.74m,-1.62m,-179.98°,90°,0°,-3.557,8.743,1.617,270.02,270,0
498,ParLight,Generic Dimmer,Generic Dimmer,1ch,0,0,-2.56m,8.74m,-1.62m,-179.98°,90°,0°,-2.56,8.743,1.617,270.02,270,0
550,ParLight,Generic Dimmer,Generic Dimmer,1ch,0,0,-2.29m,8.74m,-1.62m,-179.98°,90°,0°,-2.293,8.743,1.617,270.02,270,0
602,ParLight,Generic Dimmer,Generic Dimmer,1ch,0,0,-2.03m,8.74m,-1.62m,-179.98°,90°,0°,-2.033,8.743,1.617,270.02,270,0
654,ParLight,Generic Dimmer,Generic Dimmer,1ch,0,0,-1.02m,8.74m,-1.62m,-179.98°,90°,0°,-1.019,8.743,1.617,270.02,270,0
706,ParLight,Generic Dimmer,Generic Dimmer,1ch,0,0,-0.75m,8.74m,-1.62m,-179.98°,90°,0°,-0.752,8.743,1.617,270.02,270,0
758,ParLight,Generic Dimmer,Generic Dimmer,1ch,0,0,-0.49m,8.74m,-1.62m,-179.98°,90°,0°,-0.492,8.743,1.617,270.02,270,0
810,ParLight,Generic Dimmer,Generic Dimmer,1ch,0,0,0.53m,8.74m,-1.62m,-179.98°,90°,0°,0.533,8.743,1.617,270.02,270,0
862,ParLight,Generic Dimmer,Generic Dimmer,1ch,0,0,0.8m,8.74m,-1.62m,-179.98°,90°,0°,0.8,8.743,1.617,270.02,270,0
914,ParLight,Generic Dimmer,Generic Dimmer,1ch,0,0,1.06m,8.74m,-1.62m,-179.98°,90°,0°,1.06,8.743,1.617,270.02,270,0
966,ParLight,Generic Dimmer,Generic Dimmer,1ch,0,0,2.12m,8.74m,-1.62m,-179.98°,90°,0°,2.119,8.743,1.617,270.02,270,0
1018,ParLight,Generic Dimmer,Generic Dimmer,1ch,0,0,2.39m,8.74m,-1.62m,-179.98°,90°,0°,2.386,8.743,1.617,270.02,270,0
1070,ParLight,Generic Dimmer,Generic Dimmer,1ch,0,0,2.65m,8.74m,-1.62m,-179.98°,90°,0°,2.646,8.743,1.617,270.02,270,0
1122,ParLight,Generic Dimmer,Generic Dimmer,1ch,0,0,3.56m,8.74m,-1.62m,-179.98°,90°,0°,3.56,8.743,1.617,270.02,270,0
1174,ParLight,Generic Dimmer,Generic Dimmer,1ch,0,0,3.83m,8.74m,-1.62m,-179.98°,90°,0°,3.827,8.743,1.617,270.02,270,0
1226,ParLight,Generic Dimmer,Generic Dimmer,1ch,0,0,4.09m,8.74m,-1.62m,-179.98°,90°,0°,4.087,8.743,1.617,270.02,270,0
1278,ParLight,Generic Dimmer,Generic Dimmer,1ch,0,0,5.15m,8.74m,-1.62m,-179.98°,90°,0°,5.153,8.743,1.617,270.02,270,0
1330,ParLight,Generic Dimmer,Generic Dimmer,1ch,0,0,5.42m,8.74m,-1.62m,-179.98°,90°,0°,5.42,8.743,1.617,270.02,270,0
1382,ParLight,Generic Dimmer,Generic Dimmer,1ch,0,0,5.68m,8.74m,-1.62m,-179.98°,90°,0°,5.68,8.743,1.617,270.02,270,0
1434,ParLight,Generic Dimmer,Generic Dimmer,1ch,0,0,6.67m,8.74m,-1.62m,-179.98°,90°,0°,6.668,8.743,1.617,270.02,270,0
1486,ParLight,Generic Dimmer,Generic Dimmer,1ch,0,0,6.94m,8.74m,-1.62m,-179.98°,90°,0°,6.935,8.743,1.617,270.02,270,0
1538,ParLight,Generic Dimmer,Generic Dimmer,1ch,0,0,7.2m,8.74m,-1.62m,-179.98°,90°,0°,7.195,8.743,1.617,270.02,270,0
31,ParLight,Generic Dimmer,Generic Dimmer,1ch,0,0,-7.16m,8.74m,-1.62m,-179.98°,90°,0°,-7.163,8.743,1.617,270.02,270,0
83,ParLight,Generic Dimmer,Generic Dimmer,1ch,0,0,-6.9m,8.74m,-1.62m,-179.98°,90°,0°,-6.896,8.743,1.617,270.02,270,0
135,ParLight,Generic Dimmer,Generic Dimmer,1ch,0,0,-6.64m,8.74m,-1.62m,-179.98°,90°,0°,-6.636,8.743,1.617,270.02,270,0
187,ParLight,Generic Dimmer,Generic Dimmer,1ch,0,0,-5.65m,8.74m,-1.62m,-179.98°,90°,0°,-5.65,8.743,1.617,270.02,270,0
239,ParLight,Generic Dimmer,Generic Dimmer,1ch,0,0,-5.38m,8.74m,-1.62m,-179.98°,90°,0°,-5.383,8.743,1.617,270.02,270,0
291,ParLight,Generic Dimmer,Generic Dimmer,1ch,0,0,-5.12m,8.74m,-1.62m,-179.98°,90°,0°,-5.123,8.743,1.617,270.02,270,0
343,ParLight,Generic Dimmer,Generic Dimmer,1ch,0,0,-4.08m,8.74m,-1.62m,-179.98°,90°,0°,-4.084,8.743,1.617,270.02,270,0
395,ParLight,Generic Dimmer,Generic Dimmer,1ch,0,0,-3.82m,8.74m,-1.62m,-179.98°,90°,0°,-3.817,8.743,1.617,270.02,270,0
447,ParLight,Generic Dimmer,Generic Dimmer,1ch,0,0,-3.56m,8.74m,-1.62m,-179.98°,90°,0°,-3.557,8.743,1.617,270.02,270,0
499,ParLight,Generic Dimmer,Generic Dimmer,1ch,0,0,-2.56m,8.74m,-1.62m,-179.98°,90°,0°,-2.56,8.743,1.617,270.02,270,0
551,ParLight,Generic Dimmer,Generic Dimmer,1ch,0,0,-2.29m,8.74m,-1.62m,-179.98°,90°,0°,-2.293,8.743,1.617,270.02,270,0
603,ParLight,Generic Dimmer,Generic Dimmer,1ch,0,0,-2.03m,8.74m,-1.62m,-179.98°,90°,0°,-2.033,8.743,1.617,270.02,270,0
655,ParLight,Generic Dimmer,Generic Dimmer,1ch,0,0,-1.02m,8.74m,-1.62m,-179.98°,90°,0°,-1.019,8.743,1.617,270.02,270,0
707,ParLight,Generic Dimmer,Generic Dimmer,1ch,0,0,-0.75m,8.74m,-1.62m,-179.98°,90°,0°,-0.752,8.743,1.617,270.02,270,0
759,ParLight,Generic Dimmer,Generic Dimmer,1ch,0,0,-0.49m,8.74m,-1.62m,-179.98°,90°,0°,-0.492,8.743,1.617,270.02,270,0
811,ParLight,Generic Dimmer,Generic Dimmer,1ch,0,0,0.53m,8.74m,-1.62m,-179.98°,90°,0°,0.533,8.743,1.617,270.02,270,0
863,ParLight,Generic Dimmer,Generic Dimmer,1ch,0,0,0.8m,8.74m,-1.62m,-179.98°,90°,0°,0.8,8.743,1.617,270.02,270,0
915,ParLight,Generic Dimmer,Generic Dimmer,1ch,0,0,1.06m,8.74m,-1.62m,-179.98°,90°,0°,1.06,8.743,1.617,270.02,270,0
967,ParLight,Generic Dimmer,Generic Dimmer,1ch,0,0,2.12m,8.74m,-1.62m,-179.98°,90°,0°,2.119,8.743,1.617,270.02,270,0
1019,ParLight,Generic Dimmer,Generic Dimmer,1ch,0,0,2.39m,8.74m,-1.62m,-179.98°,90°,0°,2.386,8.743,1.617,270.02,270,0
1071,ParLight,Generic Dimmer,Generic Dimmer,1ch,0,0,2.65m,8.74m,-1.62m,-179.98°,90°,0°,2.646,8.743,1.617,270.02,270,0
1123,ParLight,Generic Dimmer,Generic Dimmer,1ch,0,0,3.56m,8.74m,-1.62m,-179.98°,90°,0°,3.56,8.743,1.617,270.02,270,0
1175,ParLight,Generic Dimmer,Generic Dimmer,1ch,0,0,3.83m,8.74m,-1.62m,-179.98°,90°,0°,3.827,8.743,1.617,270.02,270,0
1227,ParLight,Generic Dimmer,Generic Dimmer,1ch,0,0,4.09m,8.74m,-1.62m,-179.98°,90°,0°,4.087,8.743,1.617,270.02,270,0
1279,ParLight,Generic Dimmer,Generic Dimmer,1ch,0,0,5.15m,8.74m,-1.62m,-179.98°,90°,0°,5.153,8.743,1.617,270.02,270,0
1331,ParLight,Generic Dimmer,Generic Dimmer,1ch,0,0,5.42m,8.74m,-1.62m,-179.98°,90°,0°,5.42,8.743,1.617,270.02,270,0
1383,ParLight,Generic Dimmer,Generic Dimmer,1ch,0,0,5.68m,8.74m,-1.62m,-179.98°,90°,0°,5.68,8.743,1.617,270.02,270,0
1435,ParLight,Generic Dimmer,Generic Dimmer,1ch,0,0,6.67m,8.74m,-1.62m,-179.98°,90°,0°,6.668,8.743,1.617,270.02,270,0
1487,ParLight,Generic Dimmer,Generic Dimmer,1ch,0,0,6.94m,8.74m,-1.62m,-179.98°,90°,0°,6.935,8.743,1.617,270.02,270,0
1539,ParLight,Generic Dimmer,Generic Dimmer,1ch,0,0,7.2m,8.74m,-1.62m,-179.98°,90°,0°,7.195,8.743,1.617,270.02,270,0
32,ParLight,Generic Dimmer,Generic Dimmer,1ch,0,0,-7.16m,8.74m,-1.62m,-179.98°,90°,0°,-7.163,8.743,1.617,270.02,270,0
84,ParLight,Generic Dimmer,Generic Dimmer,1ch,0,0,-6.9m,8.74m,-1.62m,-179.98°,90°,0°,-6.896,8.743,1.617,270.02,270,0
136,ParLight,Generic Dimmer,Generic Dimmer,1ch,0,0,-6.64m,8.74m,-1.62m,-179.98°,90°,0°,-6.636,8.743,1.617,270.02,270,0
188,ParLight,Generic Dimmer,Generic Dimmer,1ch,0,0,-5.65m,8.74m,-1.62m,-179.98°,90°,0°,-5.65,8.743,1.617,270.02,270,0
240,ParLight,Generic Dimmer,Generic Dimmer,1ch,0,0,-5.38m,8.74m,-1.62m,-179.98°,90°,0°,-5.383,8.743,1.617,270.02,270,0
292,ParLight,Generic Dimmer,Generic Dimmer,1ch,0,0,-5.12m,8.74m,-1.62m,-179.98°,90°,0°,-5.123,8.743,1.617,270.02,270,0
344,ParLight,Generic Dimmer,Generic Dimmer,1ch,0,0,-4.08m,8.74m,-1.62m,-179.98°,90°,0°,-4.084,8.743,1.617,270.02,270,0
396,ParLight,Generic Dimmer,Generic Dimmer,1ch,0,0,-3.82m,8.74m,-1.62m,-179.98°,90°,0°,-3.817,8.743,1.617,270.02,270,0
448,ParLight,Generic Dimmer,Generic Dimmer,1ch,0,0,-3.56m,8.74m,-1.62m,-179.98°,90°,0°,-3.557,8.743,1.617,270.02,270,0
500,ParLight,Generic Dimmer,Generic Dimmer,1ch,0,0,-2.56m,8.74m,-1.62m,-179.98°,90°,0°,-2.56,8.743,1.617,270.02,270,0
552,ParLight,Generic Dimmer,Generic Dimmer,1ch,0,0,-2.29m,8.74m,-1.62m,-179.98°,90°,0°,-2.293,8.743,1.617,270.02,270,0
604,ParLight,Generic Dimmer,Generic Dimmer,1ch,0,0,-2.03m,8.74m,-1.62m,-179.98°,90°,0°,-2.033,8.743,1.617,270.02,270,0
656,ParLight,Generic Dimmer,Generic Dimmer,1ch,0,0,-1.02m,8.74m,-1.62m,-179.98°,90°,0°,-1.019,8.743,1.617,270.02,270,0
708,ParLight,Generic Dimmer,Generic Dimmer,1ch,0,0,-0.75m,8.74m,-1.62m,-179.98°,90°,0°,-0.752,8.743,1.617,270.02,270,0
760,ParLight,Generic Dimmer,Generic Dimmer,1ch,0,0,-0.49m,8.74m,-1.62m,-179.98°,90°,0°,-0.492,8.743,1.617,270.02,270,0
812,ParLight,Generic Dimmer,Generic Dimmer,1ch,0,0,0.53m,8.74m,-1.62m,-179.98°,90°,0°,0.533,8.743,1.617,270.02,270,0
864,ParLight,Generic Dimmer,Generic Dimmer,1ch,0,0,0.8m,8.74m,-1.62m,-179.98°,90°,0°,0.8,8.743,1.617,270.02,270,0
916,ParLight,Generic Dimmer,Generic Dimmer,1ch,0,0,1.06m,8.74m,-1.62m,-179.98°,90°,0°,1.06,8.743,1.617,270.02,270,0
968,ParLight,Generic Dimmer,Generic Dimmer,1ch,0,0,2.12m,8.74m,-1.62m,-179.98°,90°,0°,2.119,8.743,1.617,270.02,270,0
1020,ParLight,Generic Dimmer,Generic Dimmer,1ch,0,0,2.39m,8.74m,-1.62m,-179.98°,90°,0°,2.386,8.743,1.617,270.02,270,0
1072,ParLight,Generic Dimmer,Generic Dimmer,1ch,0,0,2.65m,8.74m,-1.62m,-179.98°,90°,0°,2.646,8.743,1.617,270.02,270,0
1124,ParLight,Generic Dimmer,Generic Dimmer,1ch,0,0,3.56m,8.74m,-1.62m,-179.98°,90°,0°,3.56,8.743,1.617,270.02,270,0
1176,ParLight,Generic Dimmer,Generic Dimmer,1ch,0,0,3.83m,8.74m,-1.62m,-179.98°,90°,0°,3.827,8.743,1.617,270.02,270,0
1228,ParLight,Generic Dimmer,Generic Dimmer,1ch,0,0,4.09m,8.74m,-1.62m,-179.98°,90°,0°,4.087,8.743,1.617,270.02,270,0
1280,ParLight,Generic Dimmer,Generic Dimmer,1ch,0,0,5.15m,8.74m,-1.62m,-179.98°,90°,0°,5.153,8.743,1.617,270.02,270,0
1332,ParLight,Generic Dimmer,Generic Dimmer,1ch,0,0,5.42m,8.74m,-1.62m,-179.98°,90°,0°,5.42,8.743,1.617,270.02,270,0
1384,ParLight,Generic Dimmer,Generic Dimmer,1ch,0,0,5.68m,8.74m,-1.62m,-179.98°,90°,0°,5.68,8.743,1.617,270.02,270,0
1436,ParLight,Generic Dimmer,Generic Dimmer,1ch,0,0,6.67m,8.74m,-1.62m,-179.98°,90°,0°,6.668,8.743,1.617,270.02,270,0
1488,ParLight,Generic Dimmer,Generic Dimmer,1ch,0,0,6.94m,8.74m,-1.62m,-179.98°,90°,0°,6.935,8.743,1.617,270.02,270,0
1540,ParLight,Generic Dimmer,Generic Dimmer,1ch,0,0,7.2m,8.74m,-1.62m,-179.98°,90°,0°,7.195,8.743,1.617,270.02,270,0
38,ParLight,Generic Dimmer,Generic Dimmer,1ch,0,0,-7.16m,8.74m,-1.62m,-179.98°,90°,0°,-7.163,8.743,1.617,270.02,270,0
90,ParLight,Generic Dimmer,Generic Dimmer,1ch,0,0,-6.9m,8.74m,-1.62m,-179.98°,90°,0°,-6.896,8.743,1.617,270.02,270,0
142,ParLight,Generic Dimmer,Generic Dimmer,1ch,0,0,-6.64m,8.74m,-1.62m,-179.98°,90°,0°,-6.636,8.743,1.617,270.02,270,0
194,ParLight,Generic Dimmer,Generic Dimmer,1ch,0,0,-5.65m,8.74m,-1.62m,-179.98°,90°,0°,-5.65,8.743,1.617,270.02,270,0
246,ParLight,Generic Dimmer,Generic Dimmer,1ch,0,0,-5.38m,8.74m,-1.62m,-179.98°,90°,0°,-5.383,8.743,1.617,270.02,270,0
298,ParLight,Generic Dimmer,Generic Dimmer,1ch,0,0,-5.12m,8.74m,-1.62m,-179.98°,90°,0°,-5.123,8.743,1.617,270.02,270,0
350,ParLight,Generic Dimmer,Generic Dimmer,1ch,0,0,-4.08m,8.74m,-1.62m,-179.98°,90°,0°,-4.084,8.743,1.617,270.02,270,0
402,ParLight,Generic Dimmer,Generic Dimmer,1ch,0,0,-3.82m,8.74m,-1.62m,-179.98°,90°,0°,-3.817,8.743,1.617,270.02,270,0
454,ParLight,Generic Dimmer,Generic Dimmer,1ch,0,0,-3.56m,8.74m,-1.62m,-179.98°,90°,0°,-3.557,8.743,1.617,270.02,270,0
506,ParLight,Generic Dimmer,Generic Dimmer,1ch,0,0,-2.56m,8.74m,-1.62m,-179.98°,90°,0°,-2.56,8.743,1.617,270.02,270,0
558,ParLight,Generic Dimmer,Generic Dimmer,1ch,0,0,-2.29m,8.74m,-1.62m,-179.98°,90°,0°,-2.293,8.743,1.617,270.02,270,0
610,ParLight,Generic Dimmer,Generic Dimmer,1ch,0,0,-2.03m,8.74m,-1.62m,-179.98°,90°,0°,-2.033,8.743,1.617,270.02,270,0
662,ParLight,Generic Dimmer,Generic Dimmer,1ch,0,0,-1.02m,8.74m,-1.62m,-179.98°,90°,0°,-1.019,8.743,1.617,270.02,270,0
714,ParLight,Generic Dimmer,Generic Dimmer,1ch,0,0,-0.75m,8.74m,-1.62m,-179.98°,90°,0°,-0.752,8.743,1.617,270.02,270,0
766,ParLight,Generic Dimmer,Generic Dimmer,1ch,0,0,-0.49m,8.74m,-1.62m,-179.98°,90°,0°,-0.492,8.743,1.617,270.02,270,0
818,ParLight,Generic Dimmer,Generic Dimmer,1ch,0,0,0.53m,8.74m,-1.62m,-179.98°,90°,0°,0.533,8.743,1.617,270.02,270,0
870,ParLight,Generic Dimmer,Generic Dimmer,1ch,0,0,0.8m,8.74m,-1.62m,-179.98°,90°,0°,0.8,8.743,1.617,270.02,270,0
922,ParLight,Generic Dimmer,Generic Dimmer,1ch,0,0,1.06m,8.74m,-1.62m,-179.98°,90°,0°,1.06,8.743,1.617,270.02,270,0
974,ParLight,Generic Dimmer,Generic Dimmer,1ch,0,0,2.12m,8.74m,-1.62m,-179.98°,90°,0°,2.119,8.743,1.617,270.02,270,0
1026,ParLight,Generic Dimmer,Generic Dimmer,1ch,0,0,2.39m,8.74m,-1.62m,-179.98°,90°,0°,2.386,8.743,1.617,270.02,270,0
1078,ParLight,Generic Dimmer,Generic Dimmer,1ch,0,0,2.65m,8.74m,-1.62m,-179.98°,90°,0°,2.646,8.743,1.617,270.02,270,0
1130,ParLight,Generic Dimmer,Generic Dimmer,1ch,0,0,3.56m,8.74m,-1.62m,-179.98°,90°,0°,3.56,8.743,1.617,270.02,270,0
1182,ParLight,Generic Dimmer,Generic Dimmer,1ch,0,0,3.83m,8.74m,-1.62m,-179.98°,90°,0°,3.827,8.743,1.617,270.02,270,0
1234,ParLight,Generic Dimmer,Generic Dimmer,1ch,0,0,4.09m,8.74m,-1.62m,-179.98°,90°,0°,4.087,8.743,1.617,270.02,270,0
1286,ParLight,Generic Dimmer,Generic Dimmer,1ch,0,0,5.15m,8.74m,-1.62m,-179.98°,90°,0°,5.153,8.743,1.617,270.02,270,0
1338,ParLight,Generic Dimmer,Generic Dimmer,1ch,0,0,5.42m,8.74m,-1.62m,-179.98°,90°,0°,5.42,8.743,1.617,270.02,270,0
1390,ParLight,Generic Dimmer,Generic Dimmer,1ch,0,0,5.68m,8.74m,-1.62m,-179.98°,90°,0°,5.68,8.743,1.617,270.02,270,0
1442,ParLight,Generic Dimmer,Generic Dimmer,1ch,0,0,6.67m,8.74m,-1.62m,-179.98°,90°,0°,6.668,8.743,1.617,270.02,270,0
1494,ParLight,Generic Dimmer,Generic Dimmer,1ch,0,0,6.94m,8.74m,-1.62m,-179.98°,90°,0°,6.935,8.743,1.617,270.02,270,0
1546,ParLight,Generic Dimmer,Generic Dimmer,1ch,0,0,7.2m,8.74m,-1.62m,-179.98°,90°,0°,7.195,8.743,1.617,270.02,270,0
39,ParLight,Generic Dimmer,Generic Dimmer,1ch,0,0,-7.16m,8.74m,-1.62m,-179.98°,90°,0°,-7.163,8.743,1.617,270.02,270,0
91,ParLight,Generic Dimmer,Generic Dimmer,1ch,0,0,-6.9m,8.74m,-1.62m,-179.98°,90°,0°,-6.896,8.743,1.617,270.02,270,0
143,ParLight,Generic Dimmer,Generic Dimmer,1ch,0,0,-6.64m,8.74m,-1.62m,-179.98°,90°,0°,-6.636,8.743,1.617,270.02,270,0
195,ParLight,Generic Dimmer,Generic Dimmer,1ch,0,0,-5.65m,8.74m,-1.62m,-179.98°,90°,0°,-5.65,8.743,1.617,270.02,270,0
247,ParLight,Generic Dimmer,Generic Dimmer,1ch,0,0,-5.38m,8.74m,-1.62m,-179.98°,90°,0°,-5.383,8.743,1.617,270.02,270,0
299,ParLight,Generic Dimmer,Generic Dimmer,1ch,0,0,-5.12m,8.74m,-1.62m,-179.98°,90°,0°,-5.123,8.743,1.617,270.02,270,0
351,ParLight,Generic Dimmer,Generic Dimmer,1ch,0,0,-4.08m,8.74m,-1.62m,-179.98°,90°,0°,-4.084,8.743,1.617,270.02,270,0
403,ParLight,Generic Dimmer,Generic Dimmer,1ch,0,0,-3.82m,8.74m,-1.62m,-179.98°,90°,0°,-3.817,8.743,1.617,270.02,270,0
455,ParLight,Generic Dimmer,Generic Dimmer,1ch,0,0,-3.56m,8.74m,-1.62m,-179.98°,90°,0°,-3.557,8.743,1.617,270.02,270,0
507,ParLight,Generic Dimmer,Generic Dimmer,1ch,0,0,-2.56m,8.74m,-1.62m,-179.98°,90°,0°,-2.56,8.743,1.617,270.02,270,0
559,ParLight,Generic Dimmer,Generic Dimmer,1ch,0,0,-2.29m,8.74m,-1.62m,-179.98°,90°,0°,-2.293,8.743,1.617,270.02,270,0
611,ParLight,Generic Dimmer,Generic Dimmer,1ch,0,0,-2.03m,8.74m,-1.62m,-179.98°,90°,0°,-2.033,8.743,1.617,270.02,270,0
663,ParLight,Generic Dimmer,Generic Dimmer,1ch,0,0,-1.02m,8.74m,-1.62m,-179.98°,90°,0°,-1.019,8.743,1.617,270.02,270,0
715,ParLight,Generic Dimmer,Generic Dimmer,1ch,0,0,-0.75m,8.74m,-1.62m,-179.98°,90°,0°,-0.752,8.743,1.617,270.02,270,0
767,ParLight,Generic Dimmer,Generic Dimmer,1ch,0,0,-0.49m,8.74m,-1.62m,-179.98°,90°,0°,-0.492,8.743,1.617,270.02,270,0
819,ParLight,Generic Dimmer,Generic Dimmer,1ch,0,0,0.53m,8.74m,-1.62m,-179.98°,90°,0°,0.533,8.743,1.617,270.02,270,0
871,ParLight,Generic Dimmer,Generic Dimmer,1ch,0,0,0.8m,8.74m,-1.62m,-179.98°,90°,0°,0.8,8.743,1.617,270.02,270,0
923,ParLight,Generic Dimmer,Generic Dimmer,1ch,0,0,1.06m,8.74m,-1.62m,-179.98°,90°,0°,1.06,8.743,1.617,270.02,270,0
975,ParLight,Generic Dimmer,Generic Dimmer,1ch,0,0,2.12m,8.74m,-1.62m,-179.98°,90°,0°,2.119,8.743,1.617,270.02,270,0
1027,ParLight,Generic Dimmer,Generic Dimmer,1ch,0,0,2.39m,8.74m,-1.62m,-179.98°,90°,0°,2.386,8.743,1.617,270.02,270,0
1079,ParLight,Generic Dimmer,Generic Dimmer,1ch,0,0,2.65m,8.74m,-1.62m,-179.98°,90°,0°,2.646,8.743,1.617,270.02,270,0
1131,ParLight,Generic Dimmer,Generic Dimmer,1ch,0,0,3.56m,8.74m,-1.62m,-179.98°,90°,0°,3.56,8.743,1.617,270.02,270,0
1183,ParLight,Generic Dimmer,Generic Dimmer,1ch,0,0,3.83m,8.74m,-1.62m,-179.98°,90°,0°,3.827,8.743,1.617,270.02,270,0
1235,ParLight,Generic Dimmer,Generic Dimmer,1ch,0,0,4.09m,8.74m,-1.62m,-179.98°,90°,0°,4.087,8.743,1.617,270.02,270,0
1287,ParLight,Generic Dimmer,Generic Dimmer,1ch,0,0,5.15m,8.74m,-1.62m,-179.98°,90°,0°,5.153,8.743,1.617,270.02,270,0
1339,ParLight,Generic Dimmer,Generic Dimmer,1ch,0,0,5.42m,8.74m,-1.62m,-179.98°,90°,0°,5.42,8.743,1.617,270.02,270,0
1391,ParLight,Generic Dimmer,Generic Dimmer,1ch,0,0,5.68m,8.74m,-1.62m,-179.98°,90°,0°,5.68,8.743,1.617,270.02,270,0
1443,ParLight,Generic Dimmer,Generic Dimmer,1ch,0,0,6.67m,8.74m,-1.62m,-179.98°,90°,0°,6.668,8.743,1.617,270.02,270,0
1495,ParLight,Generic Dimmer,Generic Dimmer,1ch,0,0,6.94m,8.74m,-1.62m,-179.98°,90°,0°,6.935,8.743,1.617,270.02,270,0
1547,ParLight,Generic Dimmer,Generic Dimmer,1ch,0,0,7.2m,8.74m,-1.62m,-179.98°,90°,0°,7.195,8.743,1.617,270.02,270,0
40,ParLight,Generic Dimmer,Generic Dimmer,1ch,0,0,-7.16m,8.74m,-1.62m,-179.98°,90°,0°,-7.163,8.743,1.617,270.02,270,0
92,ParLight,Generic Dimmer,Generic Dimmer,1ch,0,0,-6.9m,8.74m,-1.62m,-179.98°,90°,0°,-6.896,8.743,1.617,270.02,270,0
144,ParLight,Generic Dimmer,Generic Dimmer,1ch,0,0,-6.64m,8.74m,-1.62m,-179.98°,90°,0°,-6.636,8.743,1.617,270.02,270,0
196,ParLight,Generic Dimmer,Generic Dimmer,1ch,0,0,-5.65m,8.74m,-1.62m,-179.98°,90°,0°,-5.65,8.743,1.617,270.02,270,0
248,ParLight,Generic Dimmer,Generic Dimmer,1ch,0,0,-5.38m,8.74m,-1.62m,-179.98°,90°,0°,-5.383,8.743,1.617,270.02,270,0
300,ParLight,Generic Dimmer,Generic Dimmer,1ch,0,0,-5.12m,8.74m,-1.62m,-179.98°,90°,0°,-5.123,8.743,1.617,270.02,270,0
352,ParLight,Generic Dimmer,Generic Dimmer,1ch,0,0,-4.08m,8.74m,-1.62m,-179.98°,90°,0°,-4.084,8.743,1.617,270.02,270,0
404,ParLight,Generic Dimmer,Generic Dimmer,1ch,0,0,-3.82m,8.74m,-1.62m,-179.98°,90°,0°,-3.817,8.743,1.617,270.02,270,0
456,ParLight,Generic Dimmer,Generic Dimmer,1ch,0,0,-3.56m,8.74m,-1.62m,-179.98°,90°,0°,-3.557,8.743,1.617,270.02,270,0
508,ParLight,Generic Dimmer,Generic Dimmer,1ch,0,0,-2.56m,8.74m,-1.62m,-179.98°,90°,0°,-2.56,8.743,1.617,270.02,270,0
560,ParLight,Generic Dimmer,Generic Dimmer,1ch,0,0,-2.29m,8.74m,-1.62m,-179.98°,90°,0°,-2.293,8.743,1.617,270.02,270,0
612,ParLight,Generic Dimmer,Generic Dimmer,1ch,0,0,-2.03m,8.74m,-1.62m,-179.98°,90°,0°,-2.033,8.743,1.617,270.02,270,0
664,ParLight,Generic Dimmer,Generic Dimmer,1ch,0,0,-1.02m,8.74m,-1.62m,-179.98°,90°,0°,-1.019,8.743,1.617,270.02,270,0
716,ParLight,Generic Dimmer,Generic Dimmer,1ch,0,0,-0.75m,8.74m,-1.62m,-179.98°,90°,0°,-0.752,8.743,1.617,270.02,270,0
768,ParLight,Generic Dimmer,Generic Dimmer,1ch,0,0,-0.49m,8.74m,-1.62m,-179.98°,90°,0°,-0.492,8.743,1.617,270.02,270,0
820,ParLight,Generic Dimmer,Generic Dimmer,1ch,0,0,0.53m,8.74m,-1.62m,-179.98°,90°,0°,0.533,8.743,1.617,270.02,270,0
872,ParLight,Generic Dimmer,Generic Dimmer,1ch,0,0,0.8m,8.74m,-1.62m,-179.98°,90°,0°,0.8,8.743,1.617,270.02,270,0
924,ParLight,Generic Dimmer,Generic Dimmer,1ch,0,0,1.06m,8.74m,-1.62m,-179.98°,90°,0°,1.06,8.743,1.617,270.02,270,0
976,ParLight,Generic Dimmer,Generic Dimmer,1ch,0,0,2.12m,8.74m,-1.62m,-179.98°,90°,0°,2.119,8.743,1.617,270.02,270,0
1028,ParLight,Generic Dimmer,Generic Dimmer,1ch,0,0,2.39m,8.74m,-1.62m,-179.98°,90°,0°,2.386,8.743,1.617,270.02,270,0
1080,ParLight,Generic Dimmer,Generic Dimmer,1ch,0,0,2.65m,8.74m,-1.62m,-179.98°,90°,0°,2.646,8.743,1.617,270.02,270,0
1132,ParLight,Generic Dimmer,Generic Dimmer,1ch,0,0,3.56m,8.74m,-1.62m,-179.98°,90°,0°,3.56,8.743,1.617,270.02,270,0
1184,ParLight,Generic Dimmer,Generic Dimmer,1ch,0,0,3.83m,8.74m,-1.62m,-179.98°,90°,0°,3.827,8.743,1.617,270.02,270,0
1236,ParLight,Generic Dimmer,Generic Dimmer,1ch,0,0,4.09m,8.74m,-1.62m,-179.98°,90°,0°,4.087,8.743,1.617,270.02,270,0
1288,ParLight,Generic Dimmer,Generic Dimmer,1ch,0,0,5.15m,8.74m,-1.62m,-179.98°,90°,0°,5.153,8.743,1.617,270.02,270,0
1340,ParLight,Generic Dimmer,Generic Dimmer,1ch,0,0,5.42m,8.74m,-1.62m,-179.98°,90°,0°,5.42,8.743,1.617,270.02,270,0
1392,ParLight,Generic Dimmer,Generic Dimmer,1ch,0,0,5.68m,8.74m,-1.62m,-179.98°,90°,0°,5.68,8.743,1.617,270.02,270,0
1444,ParLight,Generic Dimmer,Generic Dimmer,1ch,0,0,6.67m,8.74m,-1.62m,-179.98°,90°,0°,6.668,8.743,1.617,270.02,270,0
1496,ParLight,Generic Dimmer,Generic Dimmer,1ch,0,0,6.94m,8.74m,-1.62m,-179.98°,90°,0°,6.935,8.743,1.617,270.02,270,0
1548,ParLight,Generic Dimmer,Generic Dimmer,1ch,0,0,7.2m,8.74m,-1.62m,-179.98°,90°,0°,7.195,8.743,1.617,270.02,270,0
42,ParLight,Generic Dimmer,Generic Dimmer,1ch,0,0,-7.16m,8.74m,-1.69m,-179.98°,90°,0°,-7.163,8.744,1.692,270.02,270,0
94,ParLight,Generic Dimmer,Generic Dimmer,1ch,0,0,-6.9m,8.74m,-1.69m,-179.98°,90°,0°,-6.896,8.744,1.692,270.02,270,0
146,ParLight,Generic Dimmer,Generic Dimmer,1ch,0,0,-6.64m,8.74m,-1.69m,-179.98°,90°,0°,-6.636,8.744,1.692,270.02,270,0
198,ParLight,Generic Dimmer,Generic Dimmer,1ch,0,0,-5.65m,8.74m,-1.69m,-179.98°,90°,0°,-5.65,8.744,1.692,270.02,270,0
250,ParLight,Generic Dimmer,Generic Dimmer,1ch,0,0,-5.38m,8.74m,-1.69m,-179.98°,90°,0°,-5.383,8.744,1.692,270.02,270,0
302,ParLight,Generic Dimmer,Generic Dimmer,1ch,0,0,-5.12m,8.74m,-1.69m,-179.98°,90°,0°,-5.123,8.744,1.692,270.02,270,0
354,ParLight,Generic Dimmer,Generic Dimmer,1ch,0,0,-4.08m,8.74m,-1.69m,-179.98°,90°,0°,-4.084,8.744,1.692,270.02,270,0
406,ParLight,Generic Dimmer,Generic Dimmer,1ch,0,0,-3.82m,8.74m,-1.69m,-179.98°,90°,0°,-3.817,8.744,1.692,270.02,270,0
458,ParLight,Generic Dimmer,Generic Dimmer,1ch,0,0,-3.56m,8.74m,-1.69m,-179.98°,90°,0°,-3.557,8.744,1.692,270.02,270,0
510,ParLight,Generic Dimmer,Generic Dimmer,1ch,0,0,-2.56m,8.74m,-1.69m,-179.98°,90°,0°,-2.56,8.744,1.692,270.02,270,0
562,ParLight,Generic Dimmer,Generic Dimmer,1ch,0,0,-2.29m,8.74m,-1.69m,-179.98°,90°,0°,-2.293,8.744,1.692,270.02,270,0
614,ParLight,Generic Dimmer,Generic Dimmer,1ch,0,0,-2.03m,8.74m,-1.69m,-179.98°,90°,0°,-2.033,8.744,1.692,270.02,270,0
666,ParLight,Generic Dimmer,Generic Dimmer,1ch,0,0,-1.02m,8.74m,-1.69m,-179.98°,90°,0°,-1.019,8.744,1.692,270.02,270,0
718,ParLight,Generic Dimmer,Generic Dimmer,1ch,0,0,-0.75m,8.74m,-1.69m,-179.98°,90°,0°,-0.752,8.744,1.692,270.02,270,0
770,ParLight,Generic Dimmer,Generic Dimmer,1ch,0,0,-0.49m,8.74m,-1.69m,-179.98°,90°,0°,-0.492,8.744,1.692,270.02,270,0
822,ParLight,Generic Dimmer,Generic Dimmer,1ch,0,0,0.53m,8.74m,-1.69m,-179.98°,90°,0°,0.533,8.744,1.692,270.02,270,0
874,ParLight,Generic Dimmer,Generic Dimmer,1ch,0,0,0.8m,8.74m,-1.69m,-179.98°,90°,0°,0.8,8.744,1.692,270.02,270,0
926,ParLight,Generic Dimmer,Generic Dimmer,1ch,0,0,1.06m,8.74m,-1.69m,-179.98°,90°,0°,1.06,8.744,1.692,270.02,270,0
978,ParLight,Generic Dimmer,Generic Dimmer,1ch,0,0,2.12m,8.74m,-1.69m,-179.98°,90°,0°,2.119,8.744,1.692,270.02,270,0
1030,ParLight,Generic Dimmer,Generic Dimmer,1ch,0,0,2.39m,8.74m,-1.69m,-179.98°,90°,0°,2.386,8.744,1.692,270.02,270,0
1082,ParLight,Generic Dimmer,Generic Dimmer,1ch,0,0,2.65m,8.74m,-1.69m,-179.98°,90°,0°,2.646,8.744,1.692,270.02,270,0
1134,ParLight,Generic Dimmer,Generic Dimmer,1ch,0,0,3.56m,8.74m,-1.69m,-179.98°,90°,0°,3.56,8.744,1.692,270.02,270,0
1186,ParLight,Generic Dimmer,Generic Dimmer,1ch,0,0,3.83m,8.74m,-1.69m,-179.98°,90°,0°,3.827,8.744,1.692,270.02,270,0
1238,ParLight,Generic Dimmer,Generic Dimmer,1ch,0,0,4.09m,8.74m,-1.69m,-179.98°,90°,0°,4.087,8.744,1.692,270.02,270,0
1290,ParLight,Generic Dimmer,Generic Dimmer,1ch,0,0,5.15m,8.74m,-1.69m,-179.98°,90°,0°,5.153,8.744,1.692,270.02,270,0
1342,ParLight,Generic Dimmer,Generic Dimmer,1ch,0,0,5.42m,8.74m,-1.69m,-179.98°,90°,0°,5.42,8.744,1.692,270.02,270,0
1394,ParLight,Generic Dimmer,Generic Dimmer,1ch,0,0,5.68m,8.74m,-1.69m,-179.98°,90°,0°,5.68,8.744,1.692,270.02,270,0
1446,ParLight,Generic Dimmer,Generic Dimmer,1ch,0,0,6.67m,8.74m,-1.69m,-179.98°,90°,0°,6.668,8.744,1.692,270.02,270,0
1498,ParLight,Generic Dimmer,Generic Dimmer,1ch,0,0,6.94m,8.74m,-1.69m,-179.98°,90°,0°,6.935,8.744,1.692,270.02,270,0
1550,ParLight,Generic Dimmer,Generic Dimmer,1ch,0,0,7.2m,8.74m,-1.69m,-179.98°,90°,0°,7.195,8.744,1.692,270.02,270,0
43,ParLight,Generic Dimmer,Generic Dimmer,1ch,0,0,-7.16m,8.74m,-1.65m,-179.98°,90°,0°,-7.163,8.743,1.647,270.02,270,0
95,ParLight,Generic Dimmer,Generic Dimmer,1ch,0,0,-6.9m,8.74m,-1.65m,-179.98°,90°,0°,-6.896,8.743,1.647,270.02,270,0
147,ParLight,Generic Dimmer,Generic Dimmer,1ch,0,0,-6.64m,8.74m,-1.65m,-179.98°,90°,0°,-6.636,8.743,1.647,270.02,270,0
199,ParLight,Generic Dimmer,Generic Dimmer,1ch,0,0,-5.65m,8.74m,-1.65m,-179.98°,90°,0°,-5.65,8.743,1.647,270.02,270,0
251,ParLight,Generic Dimmer,Generic Dimmer,1ch,0,0,-5.38m,8.74m,-1.65m,-179.98°,90°,0°,-5.383,8.743,1.647,270.02,270,0
303,ParLight,Generic Dimmer,Generic Dimmer,1ch,0,0,-5.12m,8.74m,-1.65m,-179.98°,90°,0°,-5.123,8.743,1.647,270.02,270,0
355,ParLight,Generic Dimmer,Generic Dimmer,1ch,0,0,-4.08m,8.74m,-1.65m,-179.98°,90°,0°,-4.084,8.743,1.647,270.02,270,0
407,ParLight,Generic Dimmer,Generic Dimmer,1ch,0,0,-3.82m,8.74m,-1.65m,-179.98°,90°,0°,-3.817,8.743,1.647,270.02,270,0
459,ParLight,Generic Dimmer,Generic Dimmer,1ch,0,0,-3.56m,8.74m,-1.65m,-179.98°,90°,0°,-3.557,8.743,1.647,270.02,270,0
511,ParLight,Generic Dimmer,Generic Dimmer,1ch,0,0,-2.56m,8.74m,-1.65m,-179.98°,90°,0°,-2.56,8.743,1.647,270.02,270,0
563,ParLight,Generic Dimmer,Generic Dimmer,1ch,0,0,-2.29m,8.74m,-1.65m,-179.98°,90°,0°,-2.293,8.743,1.647,270.02,270,0
615,ParLight,Generic Dimmer,Generic Dimmer,1ch,0,0,-2.03m,8.74m,-1.65m,-179.98°,90°,0°,-2.033,8.743,1.647,270.02,270,0
667,ParLight,Generic Dimmer,Generic Dimmer,1ch,0,0,-1.02m,8.74m,-1.65m,-179.98°,90°,0°,-1.019,8.743,1.647,270.02,270,0
719,ParLight,Generic Dimmer,Generic Dimmer,1ch,0,0,-0.75m,8.74m,-1.65m,-179.98°,90°,0°,-0.752,8.743,1.647,270.02,270,0
771,ParLight,Generic Dimmer,Generic Dimmer,1ch,0,0,-0.49m,8.74m,-1.65m,-179.98°,90°,0°,-0.492,8.743,1.647,270.02,270,0
823,ParLight,Generic Dimmer,Generic Dimmer,1ch,0,0,0.53m,8.74m,-1.65m,-179.98°,90°,0°,0.533,8.743,1.647,270.02,270,0
875,ParLight,Generic Dimmer,Generic Dimmer,1ch,0,0,0.8m,8.74m,-1.65m,-179.98°,90°,0°,0.8,8.743,1.647,270.02,270,0
927,ParLight,Generic Dimmer,Generic Dimmer,1ch,0,0,1.06m,8.74m,-1.65m,-179.98°,90°,0°,1.06,8.743,1.647,270.02,270,0
979,ParLight,Generic Dimmer,Generic Dimmer,1ch,0,0,2.12m,8.74m,-1.65m,-179.98°,90°,0°,2.119,8.743,1.647,270.02,270,0
1031,ParLight,Generic Dimmer,Generic Dimmer,1ch,0,0,2.39m,8.74m,-1.65m,-179.98°,90°,0°,2.386,8.743,1.647,270.02,270,0
1083,ParLight,Generic Dimmer,Generic Dimmer,1ch,0,0,2.65m,8.74m,-1.65m,-179.98°,90°,0°,2.646,8.743,1.647,270.02,270,0
1135,ParLight,Generic Dimmer,Generic Dimmer,1ch,0,0,3.56m,8.74m,-1.65m,-179.98°,90°,0°,3.56,8.743,1.647,270.02,270,0
1187,ParLight,Generic Dimmer,Generic Dimmer,1ch,0,0,3.83m,8.74m,-1.65m,-179.98°,90°,0°,3.827,8.743,1.647,270.02,270,0
1239,ParLight,Generic Dimmer,Generic Dimmer,1ch,0,0,4.09m,8.74m,-1.65m,-179.98°,90°,0°,4.087,8.743,1.647,270.02,270,0
1291,ParLight,Generic Dimmer,Generic Dimmer,1ch,0,0,5.15m,8.74m,-1.65m,-179.98°,90°,0°,5.153,8.743,1.647,270.02,270,0
1343,ParLight,Generic Dimmer,Generic Dimmer,1ch,0,0,5.42m,8.74m,-1.65m,-179.98°,90°,0°,5.42,8.743,1.647,270.02,270,0
1395,ParLight,Generic Dimmer,Generic Dimmer,1ch,0,0,5.68m,8.74m,-1.65m,-179.98°,90°,0°,5.68,8.743,1.647,270.02,270,0
1447,ParLight,Generic Dimmer,Generic Dimmer,1ch,0,0,6.67m,8.74m,-1.65m,-179.98°,90°,0°,6.668,8.743,1.647,270.02,270,0
1499,ParLight,Generic Dimmer,Generic Dimmer,1ch,0,0,6.94m,8.74m,-1.65m,-179.98°,90°,0°,6.935,8.743,1.647,270.02,270,0
1551,ParLight,Generic Dimmer,Generic Dimmer,1ch,0,0,7.2m,8.74m,-1.65m,-179.98°,90°,0°,7.195,8.743,1.647,270.02,270,0
44,ParLight,Generic Dimmer,Generic Dimmer,1ch,0,0,-7.16m,8.74m,-1.62m,-179.98°,90°,0°,-7.163,8.743,1.617,270.02,270,0
96,ParLight,Generic Dimmer,Generic Dimmer,1ch,0,0,-6.9m,8.74m,-1.62m,-179.98°,90°,0°,-6.896,8.743,1.617,270.02,270,0
148,ParLight,Generic Dimmer,Generic Dimmer,1ch,0,0,-6.64m,8.74m,-1.62m,-179.98°,90°,0°,-6.636,8.743,1.617,270.02,270,0
200,ParLight,Generic Dimmer,Generic Dimmer,1ch,0,0,-5.65m,8.74m,-1.62m,-179.98°,90°,0°,-5.65,8.743,1.617,270.02,270,0
252,ParLight,Generic Dimmer,Generic Dimmer,1ch,0,0,-5.38m,8.74m,-1.62m,-179.98°,90°,0°,-5.383,8.743,1.617,270.02,270,0
304,ParLight,Generic Dimmer,Generic Dimmer,1ch,0,0,-5.12m,8.74m,-1.62m,-179.98°,90°,0°,-5.123,8.743,1.617,270.02,270,0
356,ParLight,Generic Dimmer,Generic Dimmer,1ch,0,0,-4.08m,8.74m,-1.62m,-179.98°,90°,0°,-4.084,8.743,1.617,270.02,270,0
408,ParLight,Generic Dimmer,Generic Dimmer,1ch,0,0,-3.82m,8.74m,-1.62m,-179.98°,90°,0°,-3.817,8.743,1.617,270.02,270,0
460,ParLight,Generic Dimmer,Generic Dimmer,1ch,0,0,-3.56m,8.74m,-1.62m,-179.98°,90°,0°,-3.557,8.743,1.617,270.02,270,0
512,ParLight,Generic Dimmer,Generic Dimmer,1ch,0,0,-2.56m,8.74m,-1.62m,-179.98°,90°,0°,-2.56,8.743,1.617,270.02,270,0
564,ParLight,Generic Dimmer,Generic Dimmer,1ch,0,0,-2.29m,8.74m,-1.62m,-179.98°,90°,0°,-2.293,8.743,1.617,270.02,270,0
616,ParLight,Generic Dimmer,Generic Dimmer,1ch,0,0,-2.03m,8.74m,-1.62m,-179.98°,90°,0°,-2.033,8.743,1.617,270.02,270,0
668,ParLight,Generic Dimmer,Generic Dimmer,1ch,0,0,-1.02m,8.74m,-1.62m,-179.98°,90°,0°,-1.019,8.743,1.617,270.02,270,0
720,ParLight,Generic Dimmer,Generic Dimmer,1ch,0,0,-0.75m,8.74m,-1.62m,-179.98°,90°,0°,-0.752,8.743,1.617,270.02,270,0
772,ParLight,Generic Dimmer,Generic Dimmer,1ch,0,0,-0.49m,8.74m,-1.62m,-179.98°,90°,0°,-0.492,8.743,1.617,270.02,270,0
824,ParLight,Generic Dimmer,Generic Dimmer,1ch,0,0,0.53m,8.74m,-1.62m,-179.98°,90°,0°,0.533,8.743,1.617,270.02,270,0
876,ParLight,Generic Dimmer,Generic Dimmer,1ch,0,0,0.8m,8.74m,-1.62m,-179.98°,90°,0°,0.8,8.743,1.617,270.02,270,0
928,ParLight,Generic Dimmer,Generic Dimmer,1ch,0,0,1.06m,8.74m,-1.62m,-179.98°,90°,0°,1.06,8.743,1.617,270.02,270,0
980,ParLight,Generic Dimmer,Generic Dimmer,1ch,0,0,2.12m,8.74m,-1.62m,-179.98°,90°,0°,2.119,8.743,1.617,270.02,270,0
1032,ParLight,Generic Dimmer,Generic Dimmer,1ch,0,0,2.39m,8.74m,-1.62m,-179.98°,90°,0°,2.386,8.743,1.617,270.02,270,0
1084,ParLight,Generic Dimmer,Generic Dimmer,1ch,0,0,2.65m,8.74m,-1.62m,-179.98°,90°,0°,2.646,8.743,1.617,270.02,270,0
1136,ParLight,Generic Dimmer,Generic Dimmer,1ch,0,0,3.56m,8.74m,-1.62m,-179.98°,90°,0°,3.56,8.743,1.617,270.02,270,0
1188,ParLight,Generic Dimmer,Generic Dimmer,1ch,0,0,3.83m,8.74m,-1.62m,-179.98°,90°,0°,3.827,8.743,1.617,270.02,270,0
1240,ParLight,Generic Dimmer,Generic Dimmer,1ch,0,0,4.09m,8.74m,-1.62m,-179.98°,90°,0°,4.087,8.743,1.617,270.02,270,0
1292,ParLight,Generic Dimmer,Generic Dimmer,1ch,0,0,5.15m,8.74m,-1.62m,-179.98°,90°,0°,5.153,8.743,1.617,270.02,270,0
1344,ParLight,Generic Dimmer,Generic Dimmer,1ch,0,0,5.42m,8.74m,-1.62m,-179.98°,90°,0°,5.42,8.743,1.617,270.02,270,0
1396,ParLight,Generic Dimmer,Generic Dimmer,1ch,0,0,5.68m,8.74m,-1.62m,-179.98°,90°,0°,5.68,8.743,1.617,270.02,270,0
1448,ParLight,Generic Dimmer,Generic Dimmer,1ch,0,0,6.67m,8.74m,-1.62m,-179.98°,90°,0°,6.668,8.743,1.617,270.02,270,0
1500,ParLight,Generic Dimmer,Generic Dimmer,1ch,0,0,6.94m,8.74m,-1.62m,-179.98°,90°,0°,6.935,8.743,1.617,270.02,270,0
1552,ParLight,Generic Dimmer,Generic Dimmer,1ch,0,0,7.2m,8.74m,-1.62m,-179.98°,90°,0°,7.195,8.743,1.617,270.02,270,0
45,ParLight,Generic Dimmer,Generic Dimmer,1ch,0,0,-7.16m,8.74m,-1.62m,-179.98°,90°,0°,-7.163,8.743,1.617,270.02,270,0
97,ParLight,Generic Dimmer,Generic Dimmer,1ch,0,0,-6.9m,8.74m,-1.62m,-179.98°,90°,0°,-6.896,8.743,1.617,270.02,270,0
149,ParLight,Generic Dimmer,Generic Dimmer,1ch,0,0,-6.64m,8.74m,-1.62m,-179.98°,90°,0°,-6.636,8.743,1.617,270.02,270,0
201,ParLight,Generic Dimmer,Generic Dimmer,1ch,0,0,-5.65m,8.74m,-1.62m,-179.98°,90°,0°,-5.65,8.743,1.617,270.02,270,0
253,ParLight,Generic Dimmer,Generic Dimmer,1ch,0,0,-5.38m,8.74m,-1.62m,-179.98°,90°,0°,-5.383,8.743,1.617,270.02,270,0
305,ParLight,Generic Dimmer,Generic Dimmer,1ch,0,0,-5.12m,8.74m,-1.62m,-179.98°,90°,0°,-5.123,8.743,1.617,270.02,270,0
357,ParLight,Generic Dimmer,Generic Dimmer,1ch,0,0,-4.08m,8.74m,-1.62m,-179.98°,90°,0°,-4.084,8.743,1.617,270.02,270,0
409,ParLight,Generic Dimmer,Generic Dimmer,1ch,0,0,-3.82m,8.74m,-1.62m,-179.98°,90°,0°,-3.817,8.743,1.617,270.02,270,0
461,ParLight,Generic Dimmer,Generic Dimmer,1ch,0,0,-3.56m,8.74m,-1.62m,-179.98°,90°,0°,-3.557,8.743,1.617,270.02,270,0
513,ParLight,Generic Dimmer,Generic Dimmer,1ch,0,0,-2.56m,8.74m,-1.62m,-179.98°,90°,0°,-2.56,8.743,1.617,270.02,270,0
565,ParLight,Generic Dimmer,Generic Dimmer,1ch,0,0,-2.29m,8.74m,-1.62m,-179.98°,90°,0°,-2.293,8.743,1.617,270.02,270,0
617,ParLight,Generic Dimmer,Generic Dimmer,1ch,0,0,-2.03m,8.74m,-1.62m,-179.98°,90°,0°,-2.033,8.743,1.617,270.02,270,0
669,ParLight,Generic Dimmer,Generic Dimmer,1ch,0,0,-1.02m,8.74m,-1.62m,-179.98°,90°,0°,-1.019,8.743,1.617,270.02,270,0
721,ParLight,Generic Dimmer,Generic Dimmer,1ch,0,0,-0.75m,8.74m,-1.62m,-179.98°,90°,0°,-0.752,8.743,1.617,270.02,270,0
773,ParLight,Generic Dimmer,Generic Dimmer,1ch,0,0,-0.49m,8.74m,-1.62m,-179.98°,90°,0°,-0.492,8.743,1.617,270.02,270,0
825,ParLight,Generic Dimmer,Generic Dimmer,1ch,0,0,0.53m,8.74m,-1.62m,-179.98°,90°,0°,0.533,8.743,1.617,270.02,270,0
877,ParLight,Generic Dimmer,Generic Dimmer,1ch,0,0,0.8m,8.74m,-1.62m,-179.98°,90°,0°,0.8,8.743,1.617,270.02,270,0
929,ParLight,Generic Dimmer,Generic Dimmer,1ch,0,0,1.06m,8.74m,-1.62m,-179.98°,90°,0°,1.06,8.743,1.617,270.02,270,0
981,ParLight,Generic Dimmer,Generic Dimmer,1ch,0,0,2.12m,8.74m,-1.62m,-179.98°,90°,0°,2.119,8.743,1.617,270.02,270,0
1033,ParLight,Generic Dimmer,Generic Dimmer,1ch,0,0,2.39m,8.74m,-1.62m,-179.98°,90°,0°,2.386,8.743,1.617,270.02,270,0
1085,ParLight,Generic Dimmer,Generic Dimmer,1ch,0,0,2.65m,8.74m,-1.62m,-179.98°,90°,0°,2.646,8.743,1.617,270.02,270,0
1137,ParLight,Generic Dimmer,Generic Dimmer,1ch,0,0,3.56m,8.74m,-1.62m,-179.98°,90°,0°,3.56,8.743,1.617,270.02,270,0
1189,ParLight,Generic Dimmer,Generic Dimmer,1ch,0,0,3.83m,8.74m,-1.62m,-179.98°,90°,0°,3.827,8.743,1.617,270.02,270,0
1241,ParLight,Generic Dimmer,Generic Dimmer,1ch,0,0,4.09m,8.74m,-1.62m,-179.98°,90°,0°,4.087,8.743,1.617,270.02,270,0
1293,ParLight,Generic Dimmer,Generic Dimmer,1ch,0,0,5.15m,8.74m,-1.62m,-179.98°,90°,0°,5.153,8.743,1.617,270.02,270,0
1345,ParLight,Generic Dimmer,Generic Dimmer,1ch,0,0,5.42m,8.74m,-1.62m,-179.98°,90°,0°,5.42,8.743,1.617,270.02,270,0
1397,ParLight,Generic Dimmer,Generic Dimmer,1ch,0,0,5.68m,8.74m,-1.62m,-179.98°,90°,0°,5.68,8.743,1.617,270.02,270,0
1449,ParLight,Generic Dimmer,Generic Dimmer,1ch,0,0,6.67m,8.74m,-1.62m,-179.98°,90°,0°,6.668,8.743,1.617,270.02,270,0
1501,ParLight,Generic Dimmer,Generic Dimmer,1ch,0,0,6.94m,8.74m,-1.62m,-179.98°,90°,0°,6.935,8.743,1.617,270.02,270,0
1553,ParLight,Generic Dimmer,Generic Dimmer,1ch,0,0,7.2m,8.74m,-1.62m,-179.98°,90°,0°,7.195,8.743,1.617,270.02,270,0
57,ParLight,Generic Dimmer,Generic Dimmer,1ch,0,0,-6.9m,8.74m,-1.62m,-179.98°,90°,0°,-6.896,8.743,1.617,270.02,270,0
58,ParLight,Generic Dimmer,Generic Dimmer,1ch,0,0,-6.9m,8.74m,-1.62m,-179.98°,90°,0°,-6.896,8.743,1.617,270.02,270,0
59,ParLight,Generic Dimmer,Generic Dimmer,1ch,0,0,-6.9m,8.74m,-1.62m,-179.98°,90°,0°,-6.896,8.743,1.617,270.02,270,0
60,ParLight,Generic Dimmer,Generic Dimmer,1ch,0,0,-6.9m,8.74m,-1.62m,-179.98°,90°,0°,-6.896,8.743,1.617,270.02,270,0
61,ParLight,Generic Dimmer,Generic Dimmer,1ch,0,0,-6.9m,8.74m,-1.62m,-179.98°,90°,0°,-6.896,8.743,1.617,270.02,270,0
62,ParLight,Generic Dimmer,Generic Dimmer,1ch,0,0,-6.9m,8.74m,-1.62m,-179.98°,90°,0°,-6.896,8.743,1.617,270.02,270,0
63,ParLight,Generic Dimmer,Generic Dimmer,1ch,0,0,-6.9m,8.74m,-1.62m,-179.98°,90°,0°,-6.896,8.743,1.617,270.02,270,0
64,ParLight,Generic Dimmer,Generic Dimmer,1ch,0,0,-6.9m,8.74m,-1.62m,-179.98°,90°,0°,-6.896,8.743,1.617,270.02,270,0
109,ParLight,Generic Dimmer,Generic Dimmer,1ch,0,0,-6.64m,8.74m,-1.62m,-179.98°,90°,0°,-6.636,8.743,1.617,270.02,270,0
110,ParLight,Generic Dimmer,Generic Dimmer,1ch,0,0,-6.64m,8.74m,-1.62m,-179.98°,90°,0°,-6.636,8.743,1.617,270.02,270,0
111,ParLight,Generic Dimmer,Generic Dimmer,1ch,0,0,-6.64m,8.74m,-1.62m,-179.98°,90°,0°,-6.636,8.743,1.617,270.02,270,0
112,ParLight,Generic Dimmer,Generic Dimmer,1ch,0,0,-6.64m,8.74m,-1.62m,-179.98°,90°,0°,-6.636,8.743,1.617,270.02,270,0
113,ParLight,Generic Dimmer,Generic Dimmer,1ch,0,0,-6.64m,8.74m,-1.62m,-179.98°,90°,0°,-6.636,8.743,1.617,270.02,270,0
114,ParLight,Generic Dimmer,Generic Dimmer,1ch,0,0,-6.64m,8.74m,-1.62m,-179.98°,90°,0°,-6.636,8.743,1.617,270.02,270,0
115,ParLight,Generic Dimmer,Generic Dimmer,1ch,0,0,-6.64m,8.74m,-1.62m,-179.98°,90°,0°,-6.636,8.743,1.617,270.02,270,0
116,ParLight,Generic Dimmer,Generic Dimmer,1ch,0,0,-6.64m,8.74m,-1.62m,-179.98°,90°,0°,-6.636,8.743,1.617,270.02,270,0
161,ParLight,Generic Dimmer,Generic Dimmer,1ch,0,0,-5.65m,8.74m,-1.62m,-179.98°,90°,0°,-5.65,8.743,1.617,270.02,270,0
162,ParLight,Generic Dimmer,Generic Dimmer,1ch,0,0,-5.65m,8.74m,-1.62m,-179.98°,90°,0°,-5.65,8.743,1.617,270.02,270,0
163,ParLight,Generic Dimmer,Generic Dimmer,1ch,0,0,-5.65m,8.74m,-1.62m,-179.98°,90°,0°,-5.65,8.743,1.617,270.02,270,0
164,ParLight,Generic Dimmer,Generic Dimmer,1ch,0,0,-5.65m,8.74m,-1.62m,-179.98°,90°,0°,-5.65,8.743,1.617,270.02,270,0
165,ParLight,Generic Dimmer,Generic Dimmer,1ch,0,0,-5.65m,8.74m,-1.62m,-179.98°,90°,0°,-5.65,8.743,1.617,270.02,270,0
166,ParLight,Generic Dimmer,Generic Dimmer,1ch,0,0,-5.65m,8.74m,-1.62m,-179.98°,90°,0°,-5.65,8.743,1.617,270.02,270,0
167,ParLight,Generic Dimmer,Generic Dimmer,1ch,0,0,-5.65m,8.74m,-1.62m,-179.98°,90°,0°,-5.65,8.743,1.617,270.02,270,0
168,ParLight,Generic Dimmer,Generic Dimmer,1ch,0,0,-5.65m,8.74m,-1.62m,-179.98°,90°,0°,-5.65,8.743,1.617,270.02,270,0
213,ParLight,Generic Dimmer,Generic Dimmer,1ch,0,0,-5.38m,8.74m,-1.62m,-179.98°,90°,0°,-5.383,8.743,1.617,270.02,270,0
214,ParLight,Generic Dimmer,Generic Dimmer,1ch,0,0,-5.38m,8.74m,-1.62m,-179.98°,90°,0°,-5.383,8.743,1.617,270.02,270,0
215,ParLight,Generic Dimmer,Generic Dimmer,1ch,0,0,-5.38m,8.74m,-1.62m,-179.98°,90°,0°,-5.383,8.743,1.617,270.02,270,0
216,ParLight,Generic Dimmer,Generic Dimmer,1ch,0,0,-5.38m,8.74m,-1.62m,-179.98°,90°,0°,-5.383,8.743,1.617,270.02,270,0
217,ParLight,Generic Dimmer,Generic Dimmer,1ch,0,0,-5.38m,8.74m,-1.62m,-179.98°,90°,0°,-5.383,8.743,1.617,270.02,270,0
218,ParLight,Generic Dimmer,Generic Dimmer,1ch,0,0,-5.38m,8.74m,-1.62m,-179.98°,90°,0°,-5.383,8.743,1.617,270.02,270,0
219,ParLight,Generic Dimmer,Generic Dimmer,1ch,0,0,-5.38m,8.74m,-1.62m,-179.98°,90°,0°,-5.383,8.743,1.617,270.02,270,0
220,ParLight,Generic Dimmer,Generic Dimmer,1ch,0,0,-5.38m,8.74m,-1.62m,-179.98°,90°,0°,-5.383,8.743,1.617,270.02,270,0
265,ParLight,Generic Dimmer,Generic Dimmer,1ch,0,0,-5.12m,8.74m,-1.62m,-179.98°,90°,0°,-5.123,8.743,1.617,270.02,270,0
266,ParLight,Generic Dimmer,Generic Dimmer,1ch,0,0,-5.12m,8.74m,-1.62m,-179.98°,90°,0°,-5.123,8.743,1.617,270.02,270,0
267,ParLight,Generic Dimmer,Generic Dimmer,1ch,0,0,-5.12m,8.74m,-1.62m,-179.98°,90°,0°,-5.123,8.743,1.617,270.02,270,0
268,ParLight,Generic Dimmer,Generic Dimmer,1ch,0,0,-5.12m,8.74m,-1.62m,-179.98°,90°,0°,-5.123,8.743,1.617,270.02,270,0
269,ParLight,Generic Dimmer,Generic Dimmer,1ch,0,0,-5.12m,8.74m,-1.62m,-179.98°,90°,0°,-5.123,8.743,1.617,270.02,270,0
270,ParLight,Generic Dimmer,Generic Dimmer,1ch,0,0,-5.12m,8.74m,-1.62m,-179.98°,90°,0°,-5.123,8.743,1.617,270.02,270,0
271,ParLight,Generic Dimmer,Generic Dimmer,1ch,0,0,-5.12m,8.74m,-1.62m,-179.98°,90°,0°,-5.123,8.743,1.617,270.02,270,0
272,ParLight,Generic Dimmer,Generic Dimmer,1ch,0,0,-5.12m,8.74m,-1.62m,-179.98°,90°,0°,-5.123,8.743,1.617,270.02,270,0
3,ParLight,Generic Dimmer,Generic Dimmer,1ch,0,0,-7.16m,8.74m,-1.62m,-179.98°,90°,0°,-7.163,8.743,1.617,270.02,270,0
55,ParLight,Generic Dimmer,Generic Dimmer,1ch,0,0,-6.9m,8.74m,-1.62m,-179.98°,90°,0°,-6.896,8.743,1.617,270.02,270,0
107,ParLight,Generic Dimmer,Generic Dimmer,1ch,0,0,-6.64m,8.74m,-1.62m,-179.98°,90°,0°,-6.636,8.743,1.617,270.02,270,0
159,ParLight,Generic Dimmer,Generic Dimmer,1ch,0,0,-5.65m,8.74m,-1.62m,-179.98°,90°,0°,-5.65,8.743,1.617,270.02,270,0
211,ParLight,Generic Dimmer,Generic Dimmer,1ch,0,0,-5.38m,8.74m,-1.62m,-179.98°,90°,0°,-5.383,8.743,1.617,270.02,270,0
263,ParLight,Generic Dimmer,Generic Dimmer,1ch,0,0,-5.12m,8.74m,-1.62m,-179.98°,90°,0°,-5.123,8.743,1.617,270.02,270,0
315,ParLight,Generic Dimmer,Generic Dimmer,1ch,0,0,-4.08m,8.74m,-1.62m,-179.98°,90°,0°,-4.084,8.743,1.617,270.02,270,0
367,ParLight,Generic Dimmer,Generic Dimmer,1ch,0,0,-3.82m,8.74m,-1.62m,-179.98°,90°,0°,-3.817,8.743,1.617,270.02,270,0
419,ParLight,Generic Dimmer,Generic Dimmer,1ch,0,0,-3.56m,8.74m,-1.62m,-179.98°,90°,0°,-3.557,8.743,1.617,270.02,270,0
471,ParLight,Generic Dimmer,Generic Dimmer,1ch,0,0,-2.56m,8.74m,-1.62m,-179.98°,90°,0°,-2.56,8.743,1.617,270.02,270,0
523,ParLight,Generic Dimmer,Generic Dimmer,1ch,0,0,-2.29m,8.74m,-1.62m,-179.98°,90°,0°,-2.293,8.743,1.617,270.02,270,0
575,ParLight,Generic Dimmer,Generic Dimmer,1ch,0,0,-2.03m,8.74m,-1.62m,-179.98°,90°,0°,-2.033,8.743,1.617,270.02,270,0
627,ParLight,Generic Dimmer,Generic Dimmer,1ch,0,0,-1.02m,8.74m,-1.62m,-179.98°,90°,0°,-1.019,8.743,1.617,270.02,270,0
679,ParLight,Generic Dimmer,Generic Dimmer,1ch,0,0,-0.75m,8.74m,-1.62m,-179.98°,90°,0°,-0.752,8.743,1.617,270.02,270,0
731,ParLight,Generic Dimmer,Generic Dimmer,1ch,0,0,-0.49m,8.74m,-1.62m,-179.98°,90°,0°,-0.492,8.743,1.617,270.02,270,0
783,ParLight,Generic Dimmer,Generic Dimmer,1ch,0,0,0.53m,8.74m,-1.62m,-179.98°,90°,0°,0.533,8.743,1.617,270.02,270,0
835,ParLight,Generic Dimmer,Generic Dimmer,1ch,0,0,0.8m,8.74m,-1.62m,-179.98°,90°,0°,0.8,8.743,1.617,270.02,270,0
887,ParLight,Generic Dimmer,Generic Dimmer,1ch,0,0,1.06m,8.74m,-1.62m,-179.98°,90°,0°,1.06,8.743,1.617,270.02,270,0
939,ParLight,Generic Dimmer,Generic Dimmer,1ch,0,0,2.12m,8.74m,-1.62m,-179.98°,90°,0°,2.119,8.743,1.617,270.02,270,0
991,ParLight,Generic Dimmer,Generic Dimmer,1ch,0,0,2.39m,8.74m,-1.62m,-179.98°,90°,0°,2.386,8.743,1.617,270.02,270,0
1043,ParLight,Generic Dimmer,Generic Dimmer,1ch,0,0,2.65m,8.74m,-1.62m,-179.98°,90°,0°,2.646,8.743,1.617,270.02,270,0
1095,ParLight,Generic Dimmer,Generic Dimmer,1ch,0,0,3.56m,8.74m,-1.62m,-179.98°,90°,0°,3.56,8.743,1.617,270.02,270,0
1147,ParLight,Generic Dimmer,Generic Dimmer,1ch,0,0,3.83m,8.74m,-1.62m,-179.98°,90°,0°,3.827,8.743,1.617,270.02,270,0
1199,ParLight,Generic Dimmer,Generic Dimmer,1ch,0,0,4.09m,8.74m,-1.62m,-179.98°,90°,0°,4.087,8.743,1.617,270.02,270,0
1251,ParLight,Generic Dimmer,Generic Dimmer,1ch,0,0,5.15m,8.74m,-1.62m,-179.98°,90°,0°,5.153,8.743,1.617,270.02,270,0
1303,ParLight,Generic Dimmer,Generic Dimmer,1ch,0,0,5.42m,8.74m,-1.62m,-179.98°,90°,0°,5.42,8.743,1.617,270.02,270,0
1355,ParLight,Generic Dimmer,Generic Dimmer,1ch,0,0,5.68m,8.74m,-1.62m,-179.98°,90°,0°,5.68,8.743,1.617,270.02,270,0
1407,ParLight,Generic Dimmer,Generic Dimmer,1ch,0,0,6.67m,8.74m,-1.62m,-179.98°,90°,0°,6.668,8.743,1.617,270.02,270,0
1459,ParLight,Generic Dimmer,Generic Dimmer,1ch,0,0,6.94m,8.74m,-1.62m,-179.98°,90°,0°,6.935,8.743,1.617,270.02,270,0
1511,ParLight,Generic Dimmer,Generic Dimmer,1ch,0,0,7.2m,8.74m,-1.62m,-179.98°,90°,0°,7.195,8.743,1.617,270.02,270,0
317,ParLight,Generic Dimmer,Generic Dimmer,1ch,0,0,-4.08m,8.74m,-1.62m,-179.98°,90°,0°,-4.084,8.743,1.617,270.02,270,0
318,ParLight,Generic Dimmer,Generic Dimmer,1ch,0,0,-4.08m,8.74m,-1.62m,-179.98°,90°,0°,-4.084,8.743,1.617,270.02,270,0
319,ParLight,Generic Dimmer,Generic Dimmer,1ch,0,0,-4.08m,8.74m,-1.62m,-179.98°,90°,0°,-4.084,8.743,1.617,270.02,270,0
320,ParLight,Generic Dimmer,Generic Dimmer,1ch,0,0,-4.08m,8.74m,-1.62m,-179.98°,90°,0°,-4.084,8.743,1.617,270.02,270,0
321,ParLight,Generic Dimmer,Generic Dimmer,1ch,0,0,-4.08m,8.74m,-1.62m,-179.98°,90°,0°,-4.084,8.743,1.617,270.02,270,0
322,ParLight,Generic Dimmer,Generic Dimmer,1ch,0,0,-4.08m,8.74m,-1.62m,-179.98°,90°,0°,-4.084,8.743,1.617,270.02,270,0
323,ParLight,Generic Dimmer,Generic Dimmer,1ch,0,0,-4.08m,8.74m,-1.62m,-179.98°,90°,0°,-4.084,8.743,1.617,270.02,270,0
324,ParLight,Generic Dimmer,Generic Dimmer,1ch,0,0,-4.08m,8.74m,-1.62m,-179.98°,90°,0°,-4.084,8.743,1.617,270.02,270,0
369,ParLight,Generic Dimmer,Generic Dimmer,1ch,0,0,-3.82m,8.74m,-1.62m,-179.98°,90°,0°,-3.817,8.743,1.617,270.02,270,0
370,ParLight,Generic Dimmer,Generic Dimmer,1ch,0,0,-3.82m,8.74m,-1.62m,-179.98°,90°,0°,-3.817,8.743,1.617,270.02,270,0
371,ParLight,Generic Dimmer,Generic Dimmer,1ch,0,0,-3.82m,8.74m,-1.62m,-179.98°,90°,0°,-3.817,8.743,1.617,270.02,270,0
372,ParLight,Generic Dimmer,Generic Dimmer,1ch,0,0,-3.82m,8.74m,-1.62m,-179.98°,90°,0°,-3.817,8.743,1.617,270.02,270,0
373,ParLight,Generic Dimmer,Generic Dimmer,1ch,0,0,-3.82m,8.74m,-1.62m,-179.98°,90°,0°,-3.817,8.743,1.617,270.02,270,0
374,ParLight,Generic Dimmer,Generic Dimmer,1ch,0,0,-3.82m,8.74m,-1.62m,-179.98°,90°,0°,-3.817,8.743,1.617,270.02,270,0
375,ParLight,Generic Dimmer,Generic Dimmer,1ch,0,0,-3.82m,8.74m,-1.62m,-179.98°,90°,0°,-3.817,8.743,1.617,270.02,270,0
376,ParLight,Generic Dimmer,Generic Dimmer,1ch,0,0,-3.82m,8.74m,-1.62m,-179.98°,90°,0°,-3.817,8.743,1.617,270.02,270,0
421,ParLight,Generic Dimmer,Generic Dimmer,1ch,0,0,-3.56m,8.74m,-1.62m,-179.98°,90°,0°,-3.557,8.743,1.617,270.02,270,0
422,ParLight,Generic Dimmer,Generic Dimmer,1ch,0,0,-3.56m,8.74m,-1.62m,-179.98°,90°,0°,-3.557,8.743,1.617,270.02,270,0
423,ParLight,Generic Dimmer,Generic Dimmer,1ch,0,0,-3.56m,8.74m,-1.62m,-179.98°,90°,0°,-3.557,8.743,1.617,270.02,270,0
424,ParLight,Generic Dimmer,Generic Dimmer,1ch,0,0,-3.56m,8.74m,-1.62m,-179.98°,90°,0°,-3.557,8.743,1.617,270.02,270,0
425,ParLight,Generic Dimmer,Generic Dimmer,1ch,0,0,-3.56m,8.74m,-1.62m,-179.98°,90°,0°,-3.557,8.743,1.617,270.02,270,0
426,ParLight,Generic Dimmer,Generic Dimmer,1ch,0,0,-3.56m,8.74m,-1.62m,-179.98°,90°,0°,-3.557,8.743,1.617,270.02,270,0
427,ParLight,Generic Dimmer,Generic Dimmer,1ch,0,0,-3.56m,8.74m,-1.62m,-179.98°,90°,0°,-3.557,8.743,1.617,270.02,270,0
428,ParLight,Generic Dimmer,Generic Dimmer,1ch,0,0,-3.56m,8.74m,-1.62m,-179.98°,90°,0°,-3.557,8.743,1.617,270.02,270,0
473,ParLight,Generic Dimmer,Generic Dimmer,1ch,0,0,-2.56m,8.74m,-1.62m,-179.98°,90°,0°,-2.56,8.743,1.617,270.02,270,0
474,ParLight,Generic Dimmer,Generic Dimmer,1ch,0,0,-2.56m,8.74m,-1.62m,-179.98°,90°,0°,-2.56,8.743,1.617,270.02,270,0
475,ParLight,Generic Dimmer,Generic Dimmer,1ch,0,0,-2.56m,8.74m,-1.62m,-179.98°,90°,0°,-2.56,8.743,1.617,270.02,270,0
476,ParLight,Generic Dimmer,Generic Dimmer,1ch,0,0,-2.56m,8.74m,-1.62m,-179.98°,90°,0°,-2.56,8.743,1.617,270.02,270,0
477,ParLight,Generic Dimmer,Generic Dimmer,1ch,0,0,-2.56m,8.74m,-1.62m,-179.98°,90°,0°,-2.56,8.743,1.617,270.02,270,0
478,ParLight,Generic Dimmer,Generic Dimmer,1ch,0,0,-2.56m,8.74m,-1.62m,-179.98°,90°,0°,-2.56,8.743,1.617,270.02,270,0
479,ParLight,Generic Dimmer,Generic Dimmer,1ch,0,0,-2.56m,8.74m,-1.62m,-179.98°,90°,0°,-2.56,8.743,1.617,270.02,270,0
480,ParLight,Generic Dimmer,Generic Dimmer,1ch,0,0,-2.56m,8.74m,-1.62m,-179.98°,90°,0°,-2.56,8.743,1.617,270.02,270,0
525,ParLight,Generic Dimmer,Generic Dimmer,1ch,0,0,-2.29m,8.74m,-1.62m,-179.98°,90°,0°,-2.293,8.743,1.617,270.02,270,0
526,ParLight,Generic Dimmer,Generic Dimmer,1ch,0,0,-2.29m,8.74m,-1.62m,-179.98°,90°,0°,-2.293,8.743,1.617,270.02,270,0
527,ParLight,Generic Dimmer,Generic Dimmer,1ch,0,0,-2.29m,8.74m,-1.62m,-179.98°,90°,0°,-2.293,8.743,1.617,270.02,270,0
528,ParLight,Generic Dimmer,Generic Dimmer,1ch,0,0,-2.29m,8.74m,-1.62m,-179.98°,90°,0°,-2.293,8.743,1.617,270.02,270,0
529,ParLight,Generic Dimmer,Generic Dimmer,1ch,0,0,-2.29m,8.74m,-1.62m,-179.98°,90°,0°,-2.293,8.743,1.617,270.02,270,0
530,ParLight,Generic Dimmer,Generic Dimmer,1ch,0,0,-2.29m,8.74m,-1.62m,-179.98°,90°,0°,-2.293,8.743,1.617,270.02,270,0
531,ParLight,Generic Dimmer,Generic Dimmer,1ch,0,0,-2.29m,8.74m,-1.62m,-179.98°,90°,0°,-2.293,8.743,1.617,270.02,270,0
532,ParLight,Generic Dimmer,Generic Dimmer,1ch,0,0,-2.29m,8.74m,-1.62m,-179.98°,90°,0°,-2.293,8.743,1.617,270.02,270,0
577,ParLight,Generic Dimmer,Generic Dimmer,1ch,0,0,-2.03m,8.74m,-1.62m,-179.98°,90°,0°,-2.033,8.743,1.617,270.02,270,0
578,ParLight,Generic Dimmer,Generic Dimmer,1ch,0,0,-2.03m,8.74m,-1.62m,-179.98°,90°,0°,-2.033,8.743,1.617,270.02,270,0
579,ParLight,Generic Dimmer,Generic Dimmer,1ch,0,0,-2.03m,8.74m,-1.62m,-179.98°,90°,0°,-2.033,8.743,1.617,270.02,270,0
580,ParLight,Generic Dimmer,Generic Dimmer,1ch,0,0,-2.03m,8.74m,-1.62m,-179.98°,90°,0°,-2.033,8.743,1.617,270.02,270,0
581,ParLight,Generic Dimmer,Generic Dimmer,1ch,0,0,-2.03m,8.74m,-1.62m,-179.98°,90°,0°,-2.033,8.743,1.617,270.02,270,0
582,ParLight,Generic Dimmer,Generic Dimmer,1ch,0,0,-2.03m,8.74m,-1.62m,-179.98°,90°,0°,-2.033,8.743,1.617,270.02,270,0
583,ParLight,Generic Dimmer,Generic Dimmer,1ch,0,0,-2.03m,8.74m,-1.62m,-179.98°,90°,0°,-2.033,8.743,1.617,270.02,270,0
584,ParLight,Generic Dimmer,Generic Dimmer,1ch,0,0,-2.03m,8.74m,-1.62m,-179.98°,90°,0°,-2.033,8.743,1.617,270.02,270,0
629,ParLight,Generic Dimmer,Generic Dimmer,1ch,0,0,-1.02m,8.74m,-1.62m,-179.98°,90°,0°,-1.019,8.743,1.617,270.02,270,0
630,ParLight,Generic Dimmer,Generic Dimmer,1ch,0,0,-1.02m,8.74m,-1.62m,-179.98°,90°,0°,-1.019,8.743,1.617,270.02,270,0
631,ParLight,Generic Dimmer,Generic Dimmer,1ch,0,0,-1.02m,8.74m,-1.62m,-179.98°,90°,0°,-1.019,8.743,1.617,270.02,270,0
632,ParLight,Generic Dimmer,Generic Dimmer,1ch,0,0,-1.02m,8.74m,-1.62m,-179.98°,90°,0°,-1.019,8.743,1.617,270.02,270,0
633,ParLight,Generic Dimmer,Generic Dimmer,1ch,0,0,-1.02m,8.74m,-1.62m,-179.98°,90°,0°,-1.019,8.743,1.617,270.02,270,0
634,ParLight,Generic Dimmer,Generic Dimmer,1ch,0,0,-1.02m,8.74m,-1.62m,-179.98°,90°,0°,-1.019,8.743,1.617,270.02,270,0
635,ParLight,Generic Dimmer,Generic Dimmer,1ch,0,0,-1.02m,8.74m,-1.62m,-179.98°,90°,0°,-1.019,8.743,1.617,270.02,270,0
636,ParLight,Generic Dimmer,Generic Dimmer,1ch,0,0,-1.02m,8.74m,-1.62m,-179.98°,90°,0°,-1.019,8.743,1.617,270.02,270,0
681,ParLight,Generic Dimmer,Generic Dimmer,1ch,0,0,-0.75m,8.74m,-1.62m,-179.98°,90°,0°,-0.752,8.743,1.617,270.02,270,0
682,ParLight,Generic Dimmer,Generic Dimmer,1ch,0,0,-0.75m,8.74m,-1.62m,-179.98°,90°,0°,-0.752,8.743,1.617,270.02,270,0
683,ParLight,Generic Dimmer,Generic Dimmer,1ch,0,0,-0.75m,8.74m,-1.62m,-179.98°,90°,0°,-0.752,8.743,1.617,270.02,270,0
684,ParLight,Generic Dimmer,Generic Dimmer,1ch,0,0,-0.75m,8.74m,-1.62m,-179.98°,90°,0°,-0.752,8.743,1.617,270.02,270,0
685,ParLight,Generic Dimmer,Generic Dimmer,1ch,0,0,-0.75m,8.74m,-1.62m,-179.98°,90°,0°,-0.752,8.743,1.617,270.02,270,0
686,ParLight,Generic Dimmer,Generic Dimmer,1ch,0,0,-0.75m,8.74m,-1.62m,-179.98°,90°,0°,-0.752,8.743,1.617,270.02,270,0
687,ParLight,Generic Dimmer,Generic Dimmer,1ch,0,0,-0.75m,8.74m,-1.62m,-179.98°,90°,0°,-0.752,8.743,1.617,270.02,270,0
688,ParLight,Generic Dimmer,Generic Dimmer,1ch,0,0,-0.75m,8.74m,-1.62m,-179.98°,90°,0°,-0.752,8.743,1.617,270.02,270,0
733,ParLight,Generic Dimmer,Generic Dimmer,1ch,0,0,-0.49m,8.74m,-1.62m,-179.98°,90°,0°,-0.492,8.743,1.617,270.02,270,0
734,ParLight,Generic Dimmer,Generic Dimmer,1ch,0,0,-0.49m,8.74m,-1.62m,-179.98°,90°,0°,-0.492,8.743,1.617,270.02,270,0
735,ParLight,Generic Dimmer,Generic Dimmer,1ch,0,0,-0.49m,8.74m,-1.62m,-179.98°,90°,0°,-0.492,8.743,1.617,270.02,270,0
736,ParLight,Generic Dimmer,Generic Dimmer,1ch,0,0,-0.49m,8.74m,-1.62m,-179.98°,90°,0°,-0.492,8.743,1.617,270.02,270,0
737,ParLight,Generic Dimmer,Generic Dimmer,1ch,0,0,-0.49m,8.74m,-1.62m,-179.98°,90°,0°,-0.492,8.743,1.617,270.02,270,0
738,ParLight,Generic Dimmer,Generic Dimmer,1ch,0,0,-0.49m,8.74m,-1.62m,-179.98°,90°,0°,-0.492,8.743,1.617,270.02,270,0
739,ParLight,Generic Dimmer,Generic Dimmer,1ch,0,0,-0.49m,8.74m,-1.62m,-179.98°,90°,0°,-0.492,8.743,1.617,270.02,270,0
740,ParLight,Generic Dimmer,Generic Dimmer,1ch,0,0,-0.49m,8.74m,-1.62m,-179.98°,90°,0°,-0.492,8.743,1.617,270.02,270,0
785,ParLight,Generic Dimmer,Generic Dimmer,1ch,0,0,0.53m,8.74m,-1.62m,-179.98°,90°,0°,0.533,8.743,1.617,270.02,270,0
786,ParLight,Generic Dimmer,Generic Dimmer,1ch,0,0,0.53m,8.74m,-1.62m,-179.98°,90°,0°,0.533,8.743,1.617,270.02,270,0
787,ParLight,Generic Dimmer,Generic Dimmer,1ch,0,0,0.53m,8.74m,-1.62m,-179.98°,90°,0°,0.533,8.743,1.617,270.02,270,0
788,ParLight,Generic Dimmer,Generic Dimmer,1ch,0,0,0.53m,8.74m,-1.62m,-179.98°,90°,0°,0.533,8.743,1.617,270.02,270,0
789,ParLight,Generic Dimmer,Generic Dimmer,1ch,0,0,0.53m,8.74m,-1.62m,-179.98°,90°,0°,0.533,8.743,1.617,270.02,270,0
790,ParLight,Generic Dimmer,Generic Dimmer,1ch,0,0,0.53m,8.74m,-1.62m,-179.98°,90°,0°,0.533,8.743,1.617,270.02,270,0
791,ParLight,Generic Dimmer,Generic Dimmer,1ch,0,0,0.53m,8.74m,-1.62m,-179.98°,90°,0°,0.533,8.743,1.617,270.02,270,0
792,ParLight,Generic Dimmer,Generic Dimmer,1ch,0,0,0.53m,8.74m,-1.62m,-179.98°,90°,0°,0.533,8.743,1.617,270.02,270,0
837,ParLight,Generic Dimmer,Generic Dimmer,1ch,0,0,0.8m,8.74m,-1.62m,-179.98°,90°,0°,0.8,8.743,1.617,270.02,270,0
838,ParLight,Generic Dimmer,Generic Dimmer,1ch,0,0,0.8m,8.74m,-1.62m,-179.98°,90°,0°,0.8,8.743,1.617,270.02,270,0
839,ParLight,Generic Dimmer,Generic Dimmer,1ch,0,0,0.8m,8.74m,-1.62m,-179.98°,90°,0°,0.8,8.743,1.617,270.02,270,0
840,ParLight,Generic Dimmer,Generic Dimmer,1ch,0,0,0.8m,8.74m,-1.62m,-179.98°,90°,0°,0.8,8.743,1.617,270.02,270,0
841,ParLight,Generic Dimmer,Generic Dimmer,1ch,0,0,0.8m,8.74m,-1.62m,-179.98°,90°,0°,0.8,8.743,1.617,270.02,270,0
842,ParLight,Generic Dimmer,Generic Dimmer,1ch,0,0,0.8m,8.74m,-1.62m,-179.98°,90°,0°,0.8,8.743,1.617,270.02,270,0
843,ParLight,Generic Dimmer,Generic Dimmer,1ch,0,0,0.8m,8.74m,-1.62m,-179.98°,90°,0°,0.8,8.743,1.617,270.02,270,0
844,ParLight,Generic Dimmer,Generic Dimmer,1ch,0,0,0.8m,8.74m,-1.62m,-179.98°,90°,0°,0.8,8.743,1.617,270.02,270,0
889,ParLight,Generic Dimmer,Generic Dimmer,1ch,0,0,1.06m,8.74m,-1.62m,-179.98°,90°,0°,1.06,8.743,1.617,270.02,270,0
890,ParLight,Generic Dimmer,Generic Dimmer,1ch,0,0,1.06m,8.74m,-1.62m,-179.98°,90°,0°,1.06,8.743,1.617,270.02,270,0
891,ParLight,Generic Dimmer,Generic Dimmer,1ch,0,0,1.06m,8.74m,-1.62m,-179.98°,90°,0°,1.06,8.743,1.617,270.02,270,0
892,ParLight,Generic Dimmer,Generic Dimmer,1ch,0,0,1.06m,8.74m,-1.62m,-179.98°,90°,0°,1.06,8.743,1.617,270.02,270,0
893,ParLight,Generic Dimmer,Generic Dimmer,1ch,0,0,1.06m,8.74m,-1.62m,-179.98°,90°,0°,1.06,8.743,1.617,270.02,270,0
894,ParLight,Generic Dimmer,Generic Dimmer,1ch,0,0,1.06m,8.74m,-1.62m,-179.98°,90°,0°,1.06,8.743,1.617,270.02,270,0
895,ParLight,Generic Dimmer,Generic Dimmer,1ch,0,0,1.06m,8.74m,-1.62m,-179.98°,90°,0°,1.06,8.743,1.617,270.02,270,0
896,ParLight,Generic Dimmer,Generic Dimmer,1ch,0,0,1.06m,8.74m,-1.62m,-179.98°,90°,0°,1.06,8.743,1.617,270.02,270,0
941,ParLight,Generic Dimmer,Generic Dimmer,1ch,0,0,2.12m,8.74m,-1.62m,-179.98°,90°,0°,2.119,8.743,1.617,270.02,270,0
942,ParLight,Generic Dimmer,Generic Dimmer,1ch,0,0,2.12m,8.74m,-1.62m,-179.98°,90°,0°,2.119,8.743,1.617,270.02,270,0
943,ParLight,Generic Dimmer,Generic Dimmer,1ch,0,0,2.12m,8.74m,-1.62m,-179.98°,90°,0°,2.119,8.743,1.617,270.02,270,0
944,ParLight,Generic Dimmer,Generic Dimmer,1ch,0,0,2.12m,8.74m,-1.62m,-179.98°,90°,0°,2.119,8.743,1.617,270.02,270,0
945,ParLight,Generic Dimmer,Generic Dimmer,1ch,0,0,2.12m,8.74m,-1.62m,-179.98°,90°,0°,2.119,8.743,1.617,270.02,270,0
946,ParLight,Generic Dimmer,Generic Dimmer,1ch,0,0,2.12m,8.74m,-1.62m,-179.98°,90°,0°,2.119,8.743,1.617,270.02,270,0
947,ParLight,Generic Dimmer,Generic Dimmer,1ch,0,0,2.12m,8.74m,-1.62m,-179.98°,90°,0°,2.119,8.743,1.617,270.02,270,0
948,ParLight,Generic Dimmer,Generic Dimmer,1ch,0,0,2.12m,8.74m,-1.62m,-179.98°,90°,0°,2.119,8.743,1.617,270.02,270,0
993,ParLight,Generic Dimmer,Generic Dimmer,1ch,0,0,2.39m,8.74m,-1.62m,-179.98°,90°,0°,2.386,8.743,1.617,270.02,270,0
994,ParLight,Generic Dimmer,Generic Dimmer,1ch,0,0,2.39m,8.74m,-1.62m,-179.98°,90°,0°,2.386,8.743,1.617,270.02,270,0
995,ParLight,Generic Dimmer,Generic Dimmer,1ch,0,0,2.39m,8.74m,-1.62m,-179.98°,90°,0°,2.386,8.743,1.617,270.02,270,0
996,ParLight,Generic Dimmer,Generic Dimmer,1ch,0,0,2.39m,8.74m,-1.62m,-179.98°,90°,0°,2.386,8.743,1.617,270.02,270,0
997,ParLight,Generic Dimmer,Generic Dimmer,1ch,0,0,2.39m,8.74m,-1.62m,-179.98°,90°,0°,2.386,8.743,1.617,270.02,270,0
998,ParLight,Generic Dimmer,Generic Dimmer,1ch,0,0,2.39m,8.74m,-1.62m,-179.98°,90°,0°,2.386,8.743,1.617,270.02,270,0
999,ParLight,Generic Dimmer,Generic Dimmer,1ch,0,0,2.39m,8.74m,-1.62m,-179.98°,90°,0°,2.386,8.743,1.617,270.02,270,0
1000,ParLight,Generic Dimmer,Generic Dimmer,1ch,0,0,2.39m,8.74m,-1.62m,-179.98°,90°,0°,2.386,8.743,1.617,270.02,270,0
1045,ParLight,Generic Dimmer,Generic Dimmer,1ch,0,0,2.65m,8.74m,-1.62m,-179.98°,90°,0°,2.646,8.743,1.617,270.02,270,0
1046,ParLight,Generic Dimmer,Generic Dimmer,1ch,0,0,2.65m,8.74m,-1.62m,-179.98°,90°,0°,2.646,8.743,1.617,270.02,270,0
1047,ParLight,Generic Dimmer,Generic Dimmer,1ch,0,0,2.65m,8.74m,-1.62m,-179.98°,90°,0°,2.646,8.743,1.617,270.02,270,0
1048,ParLight,Generic Dimmer,Generic Dimmer,1ch,0,0,2.65m,8.74m,-1.62m,-179.98°,90°,0°,2.646,8.743,1.617,270.02,270,0
1049,ParLight,Generic Dimmer,Generic Dimmer,1ch,0,0,2.65m,8.74m,-1.62m,-179.98°,90°,0°,2.646,8.743,1.617,270.02,270,0
1050,ParLight,Generic Dimmer,Generic Dimmer,1ch,0,0,2.65m,8.74m,-1.62m,-179.98°,90°,0°,2.646,8.743,1.617,270.02,270,0
1051,ParLight,Generic Dimmer,Generic Dimmer,1ch,0,0,2.65m,8.74m,-1.62m,-179.98°,90°,0°,2.646,8.743,1.617,270.02,270,0
1052,ParLight,Generic Dimmer,Generic Dimmer,1ch,0,0,2.65m,8.74m,-1.62m,-179.98°,90°,0°,2.646,8.743,1.617,270.02,270,0
4,ParLight,Generic Dimmer,Generic Dimmer,1ch,0,0,-7.16m,8.74m,-1.62m,-179.98°,90°,0°,-7.163,8.743,1.617,270.02,270,0
1097,ParLight,Generic Dimmer,Generic Dimmer,1ch,0,0,3.56m,8.74m,-1.62m,-179.98°,90°,0°,3.56,8.743,1.617,270.02,270,0
1098,ParLight,Generic Dimmer,Generic Dimmer,1ch,0,0,3.56m,8.74m,-1.62m,-179.98°,90°,0°,3.56,8.743,1.617,270.02,270,0
1099,ParLight,Generic Dimmer,Generic Dimmer,1ch,0,0,3.56m,8.74m,-1.62m,-179.98°,90°,0°,3.56,8.743,1.617,270.02,270,0
1100,ParLight,Generic Dimmer,Generic Dimmer,1ch,0,0,3.56m,8.74m,-1.62m,-179.98°,90°,0°,3.56,8.743,1.617,270.02,270,0
1101,ParLight,Generic Dimmer,Generic Dimmer,1ch,0,0,3.56m,8.74m,-1.62m,-179.98°,90°,0°,3.56,8.743,1.617,270.02,270,0
1102,ParLight,Generic Dimmer,Generic Dimmer,1ch,0,0,3.56m,8.74m,-1.62m,-179.98°,90°,0°,3.56,8.743,1.617,270.02,270,0
1103,ParLight,Generic Dimmer,Generic Dimmer,1ch,0,0,3.56m,8.74m,-1.62m,-179.98°,90°,0°,3.56,8.743,1.617,270.02,270,0
1104,ParLight,Generic Dimmer,Generic Dimmer,1ch,0,0,3.56m,8.74m,-1.62m,-179.98°,90°,0°,3.56,8.743,1.617,270.02,270,0
56,ParLight,Generic Dimmer,Generic Dimmer,1ch,0,0,-6.9m,8.74m,-1.62m,-179.98°,90°,0°,-6.896,8.743,1.617,270.02,270,0
108,ParLight,Generic Dimmer,Generic Dimmer,1ch,0,0,-6.64m,8.74m,-1.62m,-179.98°,90°,0°,-6.636,8.743,1.617,270.02,270,0
160,ParLight,Generic Dimmer,Generic Dimmer,1ch,0,0,-5.65m,8.74m,-1.62m,-179.98°,90°,0°,-5.65,8.743,1.617,270.02,270,0
212,ParLight,Generic Dimmer,Generic Dimmer,1ch,0,0,-5.38m,8.74m,-1.62m,-179.98°,90°,0°,-5.383,8.743,1.617,270.02,270,0
264,ParLight,Generic Dimmer,Generic Dimmer,1ch,0,0,-5.12m,8.74m,-1.62m,-179.98°,90°,0°,-5.123,8.743,1.617,270.02,270,0
316,ParLight,Generic Dimmer,Generic Dimmer,1ch,0,0,-4.08m,8.74m,-1.62m,-179.98°,90°,0°,-4.084,8.743,1.617,270.02,270,0
368,ParLight,Generic Dimmer,Generic Dimmer,1ch,0,0,-3.82m,8.74m,-1.62m,-179.98°,90°,0°,-3.817,8.743,1.617,270.02,270,0
420,ParLight,Generic Dimmer,Generic Dimmer,1ch,0,0,-3.56m,8.74m,-1.62m,-179.98°,90°,0°,-3.557,8.743,1.617,270.02,270,0
472,ParLight,Generic Dimmer,Generic Dimmer,1ch,0,0,-2.56m,8.74m,-1.62m,-179.98°,90°,0°,-2.56,8.743,1.617,270.02,270,0
524,ParLight,Generic Dimmer,Generic Dimmer,1ch,0,0,-2.29m,8.74m,-1.62m,-179.98°,90°,0°,-2.293,8.743,1.617,270.02,270,0
576,ParLight,Generic Dimmer,Generic Dimmer,1ch,0,0,-2.03m,8.74m,-1.62m,-179.98°,90°,0°,-2.033,8.743,1.617,270.02,270,0
628,ParLight,Generic Dimmer,Generic Dimmer,1ch,0,0,-1.02m,8.74m,-1.62m,-179.98°,90°,0°,-1.019,8.743,1.617,270.02,270,0
680,ParLight,Generic Dimmer,Generic Dimmer,1ch,0,0,-0.75m,8.74m,-1.62m,-179.98°,90°,0°,-0.752,8.743,1.617,270.02,270,0
732,ParLight,Generic Dimmer,Generic Dimmer,1ch,0,0,-0.49m,8.74m,-1.62m,-179.98°,90°,0°,-0.492,8.743,1.617,270.02,270,0
784,ParLight,Generic Dimmer,Generic Dimmer,1ch,0,0,0.53m,8.74m,-1.62m,-179.98°,90°,0°,0.533,8.743,1.617,270.02,270,0
836,ParLight,Generic Dimmer,Generic Dimmer,1ch,0,0,0.8m,8.74m,-1.62m,-179.98°,90°,0°,0.8,8.743,1.617,270.02,270,0
888,ParLight,Generic Dimmer,Generic Dimmer,1ch,0,0,1.06m,8.74m,-1.62m,-179.98°,90°,0°,1.06,8.743,1.617,270.02,270,0
940,ParLight,Generic Dimmer,Generic Dimmer,1ch,0,0,2.12m,8.74m,-1.62m,-179.98°,90°,0°,2.119,8.743,1.617,270.02,270,0
992,ParLight,Generic Dimmer,Generic Dimmer,1ch,0,0,2.39m,8.74m,-1.62m,-179.98°,90°,0°,2.386,8.743,1.617,270.02,270,0
1044,ParLight,Generic Dimmer,Generic Dimmer,1ch,0,0,2.65m,8.74m,-1.62m,-179.98°,90°,0°,2.646,8.743,1.617,270.02,270,0
1096,ParLight,Generic Dimmer,Generic Dimmer,1ch,0,0,3.56m,8.74m,-1.62m,-179.98°,90°,0°,3.56,8.743,1.617,270.02,270,0
1148,ParLight,Generic Dimmer,Generic Dimmer,1ch,0,0,3.83m,8.74m,-1.62m,-179.98°,90°,0°,3.827,8.743,1.617,270.02,270,0
1200,ParLight,Generic Dimmer,Generic Dimmer,1ch,0,0,4.09m,8.74m,-1.62m,-179.98°,90°,0°,4.087,8.743,1.617,270.02,270,0
1252,ParLight,Generic Dimmer,Generic Dimmer,1ch,0,0,5.15m,8.74m,-1.62m,-179.98°,90°,0°,5.153,8.743,1.617,270.02,270,0
1304,ParLight,Generic Dimmer,Generic Dimmer,1ch,0,0,5.42m,8.74m,-1.62m,-179.98°,90°,0°,5.42,8.743,1.617,270.02,270,0
1356,ParLight,Generic Dimmer,Generic Dimmer,1ch,0,0,5.68m,8.74m,-1.62m,-179.98°,90°,0°,5.68,8.743,1.617,270.02,270,0
1408,ParLight,Generic Dimmer,Generic Dimmer,1ch,0,0,6.67m,8.74m,-1.62m,-179.98°,90°,0°,6.668,8.743,1.617,270.02,270,0
1460,ParLight,Generic Dimmer,Generic Dimmer,1ch,0,0,6.94m,8.74m,-1.62m,-179.98°,90°,0°,6.935,8.743,1.617,270.02,270,0
1512,ParLight,Generic Dimmer,Generic Dimmer,1ch,0,0,7.2m,8.74m,-1.62m,-179.98°,90°,0°,7.195,8.743,1.617,270.02,270,0
1149,ParLight,Generic Dimmer,Generic Dimmer,1ch,0,0,3.83m,8.74m,-1.62m,-179.98°,90°,0°,3.827,8.743,1.617,270.02,270,0
1150,ParLight,Generic Dimmer,Generic Dimmer,1ch,0,0,3.83m,8.74m,-1.62m,-179.98°,90°,0°,3.827,8.743,1.617,270.02,270,0
1151,ParLight,Generic Dimmer,Generic Dimmer,1ch,0,0,3.83m,8.74m,-1.62m,-179.98°,90°,0°,3.827,8.743,1.617,270.02,270,0
1152,ParLight,Generic Dimmer,Generic Dimmer,1ch,0,0,3.83m,8.74m,-1.62m,-179.98°,90°,0°,3.827,8.743,1.617,270.02,270,0
1153,ParLight,Generic Dimmer,Generic Dimmer,1ch,0,0,3.83m,8.74m,-1.62m,-179.98°,90°,0°,3.827,8.743,1.617,270.02,270,0
1154,ParLight,Generic Dimmer,Generic Dimmer,1ch,0,0,3.83m,8.74m,-1.62m,-179.98°,90°,0°,3.827,8.743,1.617,270.02,270,0
1155,ParLight,Generic Dimmer,Generic Dimmer,1ch,0,0,3.83m,8.74m,-1.62m,-179.98°,90°,0°,3.827,8.743,1.617,270.02,270,0
1156,ParLight,Generic Dimmer,Generic Dimmer,1ch,0,0,3.83m,8.74m,-1.62m,-179.98°,90°,0°,3.827,8.743,1.617,270.02,270,0
1201,ParLight,Generic Dimmer,Generic Dimmer,1ch,0,0,4.09m,8.74m,-1.62m,-179.98°,90°,0°,4.087,8.743,1.617,270.02,270,0
1202,ParLight,Generic Dimmer,Generic Dimmer,1ch,0,0,4.09m,8.74m,-1.62m,-179.98°,90°,0°,4.087,8.743,1.617,270.02,270,0
1203,ParLight,Generic Dimmer,Generic Dimmer,1ch,0,0,4.09m,8.74m,-1.62m,-179.98°,90°,0°,4.087,8.743,1.617,270.02,270,0
1204,ParLight,Generic Dimmer,Generic Dimmer,1ch,0,0,4.09m,8.74m,-1.62m,-179.98°,90°,0°,4.087,8.743,1.617,270.02,270,0
1205,ParLight,Generic Dimmer,Generic Dimmer,1ch,0,0,4.09m,8.74m,-1.62m,-179.98°,90°,0°,4.087,8.743,1.617,270.02,270,0
1206,ParLight,Generic Dimmer,Generic Dimmer,1ch,0,0,4.09m,8.74m,-1.62m,-179.98°,90°,0°,4.087,8.743,1.617,270.02,270,0
1207,ParLight,Generic Dimmer,Generic Dimmer,1ch,0,0,4.09m,8.74m,-1.62m,-179.98°,90°,0°,4.087,8.743,1.617,270.02,270,0
1208,ParLight,Generic Dimmer,Generic Dimmer,1ch,0,0,4.09m,8.74m,-1.62m,-179.98°,90°,0°,4.087,8.743,1.617,270.02,270,0
1253,ParLight,Generic Dimmer,Generic Dimmer,1ch,0,0,5.15m,8.74m,-1.62m,-179.98°,90°,0°,5.153,8.743,1.617,270.02,270,0
1254,ParLight,Generic Dimmer,Generic Dimmer,1ch,0,0,5.15m,8.74m,-1.62m,-179.98°,90°,0°,5.153,8.743,1.617,270.02,270,0
1255,ParLight,Generic Dimmer,Generic Dimmer,1ch,0,0,5.15m,8.74m,-1.62m,-179.98°,90°,0°,5.153,8.743,1.617,270.02,270,0
1256,ParLight,Generic Dimmer,Generic Dimmer,1ch,0,0,5.15m,8.74m,-1.62m,-179.98°,90°,0°,5.153,8.743,1.617,270.02,270,0
1257,ParLight,Generic Dimmer,Generic Dimmer,1ch,0,0,5.15m,8.74m,-1.62m,-179.98°,90°,0°,5.153,8.743,1.617,270.02,270,0
1258,ParLight,Generic Dimmer,Generic Dimmer,1ch,0,0,5.15m,8.74m,-1.62m,-179.98°,90°,0°,5.153,8.743,1.617,270.02,270,0
1259,ParLight,Generic Dimmer,Generic Dimmer,1ch,0,0,5.15m,8.74m,-1.62m,-179.98°,90°,0°,5.153,8.743,1.617,270.02,270,0
1260,ParLight,Generic Dimmer,Generic Dimmer,1ch,0,0,5.15m,8.74m,-1.62m,-179.98°,90°,0°,5.153,8.743,1.617,270.02,270,0
1305,ParLight,Generic Dimmer,Generic Dimmer,1ch,0,0,5.42m,8.74m,-1.62m,-179.98°,90°,0°,5.42,8.743,1.617,270.02,270,0
1306,ParLight,Generic Dimmer,Generic Dimmer,1ch,0,0,5.42m,8.74m,-1.62m,-179.98°,90°,0°,5.42,8.743,1.617,270.02,270,0
1307,ParLight,Generic Dimmer,Generic Dimmer,1ch,0,0,5.42m,8.74m,-1.62m,-179.98°,90°,0°,5.42,8.743,1.617,270.02,270,0
1308,ParLight,Generic Dimmer,Generic Dimmer,1ch,0,0,5.42m,8.74m,-1.62m,-179.98°,90°,0°,5.42,8.743,1.617,270.02,270,0
1309,ParLight,Generic Dimmer,Generic Dimmer,1ch,0,0,5.42m,8.74m,-1.62m,-179.98°,90°,0°,5.42,8.743,1.617,270.02,270,0
1310,ParLight,Generic Dimmer,Generic Dimmer,1ch,0,0,5.42m,8.74m,-1.62m,-179.98°,90°,0°,5.42,8.743,1.617,270.02,270,0
1311,ParLight,Generic Dimmer,Generic Dimmer,1ch,0,0,5.42m,8.74m,-1.62m,-179.98°,90°,0°,5.42,8.743,1.617,270.02,270,0
1312,ParLight,Generic Dimmer,Generic Dimmer,1ch,0,0,5.42m,8.74m,-1.62m,-179.98°,90°,0°,5.42,8.743,1.617,270.02,270,0
1357,ParLight,Generic Dimmer,Generic Dimmer,1ch,0,0,5.68m,8.74m,-1.62m,-179.98°,90°,0°,5.68,8.743,1.617,270.02,270,0
1358,ParLight,Generic Dimmer,Generic Dimmer,1ch,0,0,5.68m,8.74m,-1.62m,-179.98°,90°,0°,5.68,8.743,1.617,270.02,270,0
1359,ParLight,Generic Dimmer,Generic Dimmer,1ch,0,0,5.68m,8.74m,-1.62m,-179.98°,90°,0°,5.68,8.743,1.617,270.02,270,0
1360,ParLight,Generic Dimmer,Generic Dimmer,1ch,0,0,5.68m,8.74m,-1.62m,-179.98°,90°,0°,5.68,8.743,1.617,270.02,270,0
1361,ParLight,Generic Dimmer,Generic Dimmer,1ch,0,0,5.68m,8.74m,-1.62m,-179.98°,90°,0°,5.68,8.743,1.617,270.02,270,0
1362,ParLight,Generic Dimmer,Generic Dimmer,1ch,0,0,5.68m,8.74m,-1.62m,-179.98°,90°,0°,5.68,8.743,1.617,270.02,270,0
1363,ParLight,Generic Dimmer,Generic Dimmer,1ch,0,0,5.68m,8.74m,-1.62m,-179.98°,90°,0°,5.68,8.743,1.617,270.02,270,0
1364,ParLight,Generic Dimmer,Generic Dimmer,1ch,0,0,5.68m,8.74m,-1.62m,-179.98°,90°,0°,5.68,8.743,1.617,270.02,270,0
1409,ParLight,Generic Dimmer,Generic Dimmer,1ch,0,0,6.67m,8.74m,-1.62m,-179.98°,90°,0°,6.668,8.743,1.617,270.02,270,0
1410,ParLight,Generic Dimmer,Generic Dimmer,1ch,0,0,6.67m,8.74m,-1.62m,-179.98°,90°,0°,6.668,8.743,1.617,270.02,270,0
1411,ParLight,Generic Dimmer,Generic Dimmer,1ch,0,0,6.67m,8.74m,-1.62m,-179.98°,90°,0°,6.668,8.743,1.617,270.02,270,0
1412,ParLight,Generic Dimmer,Generic Dimmer,1ch,0,0,6.67m,8.74m,-1.62m,-179.98°,90°,0°,6.668,8.743,1.617,270.02,270,0
1413,ParLight,Generic Dimmer,Generic Dimmer,1ch,0,0,6.67m,8.74m,-1.62m,-179.98°,90°,0°,6.668,8.743,1.617,270.02,270,0
1414,ParLight,Generic Dimmer,Generic Dimmer,1ch,0,0,6.67m,8.74m,-1.62m,-179.98°,90°,0°,6.668,8.743,1.617,270.02,270,0
1415,ParLight,Generic Dimmer,Generic Dimmer,1ch,0,0,6.67m,8.74m,-1.62m,-179.98°,90°,0°,6.668,8.743,1.617,270.02,270,0
1416,ParLight,Generic Dimmer,Generic Dimmer,1ch,0,0,6.67m,8.74m,-1.62m,-179.98°,90°,0°,6.668,8.743,1.617,270.02,270,0
1461,ParLight,Generic Dimmer,Generic Dimmer,1ch,0,0,6.94m,8.74m,-1.62m,-179.98°,90°,0°,6.935,8.743,1.617,270.02,270,0
1462,ParLight,Generic Dimmer,Generic Dimmer,1ch,0,0,6.94m,8.74m,-1.62m,-179.98°,90°,0°,6.935,8.743,1.617,270.02,270,0
1463,ParLight,Generic Dimmer,Generic Dimmer,1ch,0,0,6.94m,8.74m,-1.62m,-179.98°,90°,0°,6.935,8.743,1.617,270.02,270,0
1464,ParLight,Generic Dimmer,Generic Dimmer,1ch,0,0,6.94m,8.74m,-1.62m,-179.98°,90°,0°,6.935,8.743,1.617,270.02,270,0
1465,ParLight,Generic Dimmer,Generic Dimmer,1ch,0,0,6.94m,8.74m,-1.62m,-179.98°,90°,0°,6.935,8.743,1.617,270.02,270,0
1466,ParLight,Generic Dimmer,Generic Dimmer,1ch,0,0,6.94m,8.74m,-1.62m,-179.98°,90°,0°,6.935,8.743,1.617,270.02,270,0
1467,ParLight,Generic Dimmer,Generic Dimmer,1ch,0,0,6.94m,8.74m,-1.62m,-179.98°,90°,0°,6.935,8.743,1.617,270.02,270,0
1468,ParLight,Generic Dimmer,Generic Dimmer,1ch,0,0,6.94m,8.74m,-1.62m,-179.98°,90°,0°,6.935,8.743,1.617,270.02,270,0
1513,ParLight,Generic Dimmer,Generic Dimmer,1ch,0,0,7.2m,8.74m,-1.62m,-179.98°,90°,0°,7.195,8.743,1.617,270.02,270,0
1514,ParLight,Generic Dimmer,Generic Dimmer,1ch,0,0,7.2m,8.74m,-1.62m,-179.98°,90°,0°,7.195,8.743,1.617,270.02,270,0
1515,ParLight,Generic Dimmer,Generic Dimmer,1ch,0,0,7.2m,8.74m,-1.62m,-179.98°,90°,0°,7.195,8.743,1.617,270.02,270,0
1516,ParLight,Generic Dimmer,Generic Dimmer,1ch,0,0,7.2m,8.74m,-1.62m,-179.98°,90°,0°,7.195,8.743,1.617,270.02,270,0
1517,ParLight,Generic Dimmer,Generic Dimmer,1ch,0,0,7.2m,8.74m,-1.62m,-179.98°,90°,0°,7.195,8.743,1.617,270.02,270,0
1518,ParLight,Generic Dimmer,Generic Dimmer,1ch,0,0,7.2m,8.74m,-1.62m,-179.98°,90°,0°,7.195,8.743,1.617,270.02,270,0
1519,ParLight,Generic Dimmer,Generic Dimmer,1ch,0,0,7.2m,8.74m,-1.62m,-179.98°,90°,0°,7.195,8.743,1.617,270.02,270,0
1520,ParLight,Generic Dimmer,Generic Dimmer,1ch,0,0,7.2m,8.74m,-1.62m,-179.98°,90°,0°,7.195,8.743,1.617,270.02,270,0
